ReportId,CreationDate,CompletionDate,ReportStartDate,ReportEndDate,Accounts,AccountMembers
327,1/28/25 4:49 PM,1/28/25 4:50 PM,10/1/2023,1/28/2025,1,4065
327,1/28/25 4:45 PM,1/28/25 4:45 PM,10/1/2023,1/28/2025,1,4065
327,1/28/25 4:30 PM,1/28/25 4:30 PM,10/1/2023,1/28/2025,1,4065
135,12/21/24 1:22 AM,12/21/24 1:22 AM,7/1/2024,12/21/2024,1,857
149,12/21/24 1:20 AM,12/21/24 1:20 AM,7/1/2024,12/21/2024,1,857
149,12/21/24 1:20 AM,12/21/24 1:20 AM,7/1/2024,12/21/2024,1,857
160,12/21/24 1:18 AM,12/21/24 1:18 AM,7/1/2024,12/21/2024,1,857
160,12/21/24 1:18 AM,12/21/24 1:18 AM,7/1/2024,12/21/2024,1,857
135,12/21/24 12:20 AM,12/21/24 12:20 AM,5/20/2024,12/21/2024,1,2848
135,12/21/24 12:03 AM,12/21/24 12:03 AM,12/15/2024,12/21/2024,1,12066
135,12/21/24 12:01 AM,12/21/24 12:01 AM,5/16/2024,12/24/2024,1,11292
135,12/20/24 11:50 PM,12/20/24 11:50 PM,12/16/2024,12/20/2024,1,12066
135,12/20/24 11:22 PM,12/20/24 11:22 PM,5/20/2024,12/20/2024,1,2848
135,12/20/24 11:21 PM,12/20/24 11:21 PM,5/20/2024,12/20/2024,1,2848
135,12/20/24 11:04 PM,12/20/24 11:04 PM,12/15/2024,12/20/2024,1,9518
135,12/20/24 11:04 PM,12/20/24 11:04 PM,12/15/2024,12/20/2024,1,9518
136,12/20/24 10:14 PM,12/20/24 10:14 PM,5/6/2024,12/20/2024,1,791
19,12/20/24 9:47 PM,12/20/24 9:47 PM,8/16/2024,12/20/2024,1,537
19,12/20/24 9:37 PM,12/20/24 9:37 PM,8/16/2024,12/20/2024,1,537
19,12/20/24 9:34 PM,12/20/24 9:34 PM,8/16/2024,12/20/2024,1,537
135,12/20/24 9:26 PM,12/20/24 9:26 PM,7/1/2024,12/20/2024,1,901
135,12/20/24 9:25 PM,12/20/24 9:26 PM,12/1/2024,12/20/2024,1,901
135,12/20/24 9:12 PM,12/20/24 9:12 PM,5/27/2024,12/20/2024,1,6284
19,12/20/24 9:00 PM,12/20/24 9:00 PM,8/16/2024,12/20/2024,1,537
135,12/20/24 8:59 PM,12/20/24 8:59 PM,11/25/2024,12/22/2024,1,9556
304,12/20/24 8:58 PM,12/20/24 8:58 PM,7/1/2024,12/20/2024,1,901
19,12/20/24 8:57 PM,12/20/24 8:58 PM,8/16/2024,12/20/2024,1,537
135,12/20/24 8:52 PM,12/20/24 8:52 PM,12/16/2024,12/20/2024,1,12066
135,12/20/24 8:51 PM,12/20/24 8:51 PM,12/16/2024,12/20/2024,1,12066
212,12/20/24 8:33 PM,12/20/24 8:33 PM,8/16/2024,12/20/2024,1,537
135,12/20/24 8:09 PM,12/20/24 8:09 PM,12/9/2024,12/20/2024,1,10439
304,12/20/24 8:03 PM,12/20/24 8:03 PM,8/16/2024,12/20/2024,1,537
304,12/20/24 8:01 PM,12/20/24 8:01 PM,12/1/2024,12/20/2024,1,537
149,12/20/24 7:58 PM,12/20/24 7:59 PM,12/1/2024,12/20/2024,1,537
135,12/20/24 7:29 PM,12/20/24 7:29 PM,12/16/2024,12/20/2024,1,10439
135,12/20/24 7:26 PM,12/20/24 7:27 PM,12/16/2024,12/20/2024,1,12066
135,12/20/24 7:03 PM,12/20/24 7:03 PM,8/1/2022,12/20/2024,1,129
135,12/20/24 7:02 PM,12/20/24 7:02 PM,12/1/2024,12/20/2024,1,129
135,12/20/24 7:02 PM,12/20/24 7:02 PM,12/16/2024,12/20/2024,1,12066
135,12/20/24 7:01 PM,12/20/24 7:01 PM,12/1/2024,12/20/2024,1,129
135,12/20/24 6:59 PM,12/20/24 7:00 PM,12/1/2024,12/20/2024,1,2395
149,12/20/24 6:58 PM,12/20/24 6:58 PM,12/1/2024,12/20/2024,1,1159
135,12/20/24 6:55 PM,12/20/24 6:55 PM,12/1/2024,12/20/2024,1,2395
149,12/20/24 6:53 PM,12/20/24 6:53 PM,12/1/2024,12/20/2024,1,1159
135,12/20/24 6:53 PM,12/20/24 6:53 PM,12/1/2024,12/20/2024,1,3982
304,12/20/24 6:49 PM,12/20/24 6:49 PM,7/1/2024,12/20/2024,1,229
135,12/20/24 6:47 PM,12/20/24 6:48 PM,12/16/2024,12/20/2024,1,12066
234,12/20/24 6:13 PM,12/20/24 7:00 PM,10/1/2024,12/20/2024,1,975
234,12/20/24 6:12 PM,12/20/24 7:00 PM,10/1/2024,12/20/2024,1,975
160,12/20/24 6:07 PM,12/20/24 6:08 PM,10/1/2024,12/20/2024,1,975
189,12/20/24 5:57 PM,12/20/24 5:57 PM,7/1/2024,12/20/2024,1,260
189,12/20/24 5:56 PM,12/20/24 5:56 PM,7/1/2024,12/20/2024,1,260
304,12/20/24 5:33 PM,12/20/24 5:34 PM,7/1/2024,12/20/2024,1,2395
135,12/20/24 5:32 PM,12/20/24 5:33 PM,12/1/2024,12/20/2024,1,2395
160,12/20/24 5:14 PM,12/20/24 5:15 PM,10/1/2024,12/20/2024,1,57
213,12/20/24 5:13 PM,12/20/24 5:13 PM,7/1/2024,12/20/2024,1,228
304,12/20/24 5:06 PM,12/20/24 5:06 PM,7/1/2024,12/20/2024,1,26
150,12/20/24 5:03 PM,12/20/24 5:04 PM,10/1/2023,12/20/2024,9,3190
304,12/20/24 5:00 PM,12/20/24 5:00 PM,7/1/2024,12/20/2024,1,179
188,12/20/24 4:58 PM,12/20/24 4:58 PM,7/1/2024,12/20/2024,1,895
302,12/20/24 4:43 PM,12/20/24 4:44 PM,7/1/2024,12/20/2024,1,895
135,12/20/24 4:39 PM,12/20/24 4:39 PM,12/15/2024,12/21/2024,1,12066
135,12/20/24 4:32 PM,12/20/24 4:32 PM,12/16/2024,12/20/2024,1,12066
188,12/20/24 4:31 PM,12/20/24 4:31 PM,7/1/2024,12/20/2024,1,325
304,12/20/24 4:30 PM,12/20/24 4:30 PM,7/1/2024,12/20/2024,1,26
135,12/20/24 4:29 PM,12/20/24 4:29 PM,12/16/2024,12/20/2024,1,12066
135,12/20/24 4:26 PM,12/20/24 4:26 PM,7/1/2024,12/20/2024,1,201
135,12/20/24 4:25 PM,12/20/24 4:25 PM,12/16/2024,12/20/2024,1,12066
304,12/20/24 4:24 PM,12/20/24 4:25 PM,7/1/2024,12/20/2024,1,975
203,12/20/24 4:21 PM,12/20/24 4:21 PM,10/1/2024,12/31/2024,1,218
203,12/20/24 4:20 PM,12/20/24 4:21 PM,10/31/2024,12/31/2024,1,218
149,12/20/24 4:17 PM,12/20/24 4:17 PM,10/1/2024,12/31/2024,1,218
160,12/20/24 4:17 PM,12/20/24 4:17 PM,7/1/2024,12/20/2024,1,83
190,12/20/24 4:17 PM,12/20/24 4:17 PM,7/1/2024,12/20/2024,1,792
149,12/20/24 4:16 PM,12/20/24 4:16 PM,7/1/2024,12/20/2024,1,83
234,12/20/24 4:16 PM,12/20/24 7:00 PM,7/1/2024,12/20/2024,1,83
135,12/20/24 4:13 PM,12/20/24 4:13 PM,12/1/2024,12/20/2024,1,501
269,12/20/24 4:11 PM,12/20/24 4:11 PM,10/1/2024,12/31/2024,1,218
135,12/20/24 4:11 PM,12/20/24 4:11 PM,12/1/2024,12/20/2024,1,501
149,12/20/24 4:09 PM,12/20/24 4:09 PM,10/1/2024,12/20/2024,1,975
234,12/20/24 4:08 PM,12/20/24 7:00 PM,10/1/2024,12/20/2024,1,975
135,12/20/24 4:08 PM,12/20/24 4:08 PM,12/1/2024,12/20/2024,1,501
269,12/20/24 4:04 PM,12/20/24 4:04 PM,10/1/2024,12/31/2024,1,218
135,12/20/24 4:03 PM,12/20/24 4:03 PM,11/1/2024,12/31/2024,1,503
304,12/20/24 4:01 PM,12/20/24 4:03 PM,7/1/2024,12/20/2024,1,563
190,12/20/24 3:57 PM,12/20/24 3:57 PM,7/1/2024,12/20/2024,1,792
304,12/20/24 3:35 PM,12/20/24 3:36 PM,10/1/2024,12/20/2024,1,782
135,12/20/24 3:32 PM,12/20/24 3:32 PM,12/9/2024,12/20/2024,1,325
136,12/20/24 3:31 PM,12/20/24 3:31 PM,5/3/2024,12/20/2024,1,1365
149,12/20/24 3:29 PM,12/20/24 3:29 PM,10/1/2024,12/20/2024,1,57
149,12/20/24 3:28 PM,12/20/24 3:28 PM,10/1/2024,12/20/2024,1,309
149,12/20/24 3:28 PM,12/20/24 3:28 PM,7/1/2024,12/20/2024,1,57
302,12/20/24 3:21 PM,12/20/24 3:22 PM,7/1/2023,6/30/2024,1,355
188,12/20/24 3:20 PM,12/20/24 3:20 PM,5/16/2024,12/20/2024,1,4238
188,12/20/24 3:19 PM,12/20/24 3:19 PM,5/16/2024,12/20/2024,1,4238
136,12/20/24 3:16 PM,12/20/24 3:16 PM,5/16/2024,12/20/2024,1,121
276,12/20/24 3:06 PM,12/20/24 3:06 PM,7/1/2024,12/20/2024,1,851
231,12/20/24 3:05 PM,12/20/24 3:05 PM,10/1/2024,12/31/2024,1,127
304,12/20/24 3:03 PM,12/20/24 3:03 PM,7/1/2024,12/20/2024,1,201
149,12/20/24 3:00 PM,12/20/24 3:01 PM,7/1/2024,12/20/2024,1,559
304,12/20/24 2:59 PM,12/20/24 2:59 PM,7/1/2024,12/20/2024,1,563
304,12/20/24 2:58 PM,12/20/24 2:59 PM,7/1/2024,12/20/2024,1,167
190,12/20/24 2:53 PM,12/20/24 2:53 PM,8/1/2024,12/20/2024,1,49
160,12/20/24 2:51 PM,12/20/24 2:51 PM,7/1/2024,12/20/2024,1,559
304,12/20/24 2:49 PM,12/20/24 2:49 PM,7/1/2024,12/20/2024,1,35
160,12/20/24 2:48 PM,12/20/24 2:49 PM,1/1/2024,12/20/2024,1,559
149,12/20/24 2:48 PM,12/20/24 2:48 PM,1/1/2024,12/20/2024,1,559
135,12/20/24 2:48 PM,12/20/24 2:48 PM,7/1/2024,12/18/2024,1,9556
135,12/20/24 2:47 PM,12/20/24 2:47 PM,7/1/2024,12/18/2024,1,9556
135,12/20/24 2:46 PM,12/20/24 2:46 PM,7/1/2024,12/18/2024,1,9556
190,12/20/24 2:45 PM,12/20/24 2:45 PM,8/1/2024,12/20/2024,1,792
149,12/20/24 2:44 PM,12/20/24 2:44 PM,7/1/2024,12/20/2024,1,559
213,12/20/24 2:44 PM,12/20/24 2:44 PM,12/2/2024,12/31/2024,1,503
188,12/20/24 2:43 PM,12/20/24 2:43 PM,11/26/2024,12/20/2024,1,2
135,12/20/24 2:42 PM,12/20/24 2:42 PM,7/1/2024,12/20/2024,1,201
304,12/20/24 2:41 PM,12/20/24 2:41 PM,10/1/2024,12/20/2024,1,281
276,12/20/24 2:41 PM,12/20/24 2:41 PM,7/1/2024,12/20/2024,1,851
188,12/20/24 2:41 PM,12/20/24 2:41 PM,11/26/2024,12/20/2024,1,2
136,12/20/24 2:40 PM,12/20/24 2:41 PM,5/16/2024,12/20/2024,1,1484
304,12/20/24 2:40 PM,12/20/24 2:40 PM,10/1/2024,12/20/2024,1,281
212,12/20/24 2:38 PM,12/20/24 2:38 PM,7/1/2024,12/20/2024,1,39
275,12/20/24 2:37 PM,12/20/24 2:37 PM,7/1/2024,12/20/2024,1,851
189,12/20/24 2:36 PM,12/20/24 2:37 PM,7/1/2024,12/20/2024,1,39
304,12/20/24 2:36 PM,12/20/24 2:36 PM,10/1/2024,12/20/2024,1,281
231,12/20/24 2:34 PM,12/20/24 2:34 PM,11/1/2024,11/30/2024,1,487
231,12/20/24 2:33 PM,12/20/24 2:33 PM,7/1/2024,12/20/2024,1,487
135,12/20/24 2:31 PM,12/20/24 2:32 PM,5/16/2024,12/20/2024,1,1638
188,12/20/24 2:30 PM,12/20/24 2:30 PM,12/14/2024,12/20/2024,1,2166
135,12/20/24 2:30 PM,12/20/24 2:30 PM,7/1/2024,12/20/2024,1,1474
304,12/20/24 2:30 PM,12/20/24 2:30 PM,10/1/2024,12/20/2024,1,281
135,12/20/24 2:29 PM,12/20/24 2:30 PM,12/14/2024,12/20/2024,1,2166
136,12/20/24 2:29 PM,12/20/24 2:29 PM,5/16/2024,12/20/2024,1,1638
136,12/20/24 2:28 PM,12/20/24 2:28 PM,5/16/2024,12/20/2024,1,121
135,12/20/24 2:27 PM,12/20/24 2:28 PM,12/9/2024,12/20/2024,1,10439
135,12/20/24 2:27 PM,12/20/24 2:28 PM,5/16/2024,12/20/2024,1,1638
135,12/20/24 2:27 PM,12/20/24 2:27 PM,5/16/2024,12/20/2024,1,1638
135,12/20/24 2:27 PM,12/20/24 2:27 PM,5/16/2024,12/20/2024,1,1638
304,12/20/24 2:24 PM,12/20/24 2:25 PM,7/1/2024,12/20/2024,1,654
135,12/20/24 2:24 PM,12/20/24 2:24 PM,5/16/2024,12/20/2024,1,1638
135,12/20/24 2:23 PM,12/20/24 2:23 PM,5/16/2024,12/20/2024,1,1638
135,12/20/24 2:23 PM,12/20/24 2:23 PM,5/16/2024,12/20/2024,1,1638
135,12/20/24 2:23 PM,12/20/24 2:23 PM,5/16/2024,12/20/2024,1,1638
304,12/20/24 2:22 PM,12/20/24 2:23 PM,7/1/2024,12/20/2024,1,208
135,12/20/24 2:22 PM,12/20/24 2:23 PM,5/16/2024,12/20/2024,1,1638
135,12/20/24 2:22 PM,12/20/24 2:23 PM,12/9/2024,12/20/2024,1,10439
234,12/20/24 2:20 PM,12/20/24 7:00 PM,7/1/2024,12/20/2024,1,156
136,12/20/24 2:19 PM,12/20/24 2:19 PM,11/1/2024,11/30/2024,1,4238
135,12/20/24 2:19 PM,12/20/24 2:19 PM,12/14/2024,12/20/2024,1,2166
136,12/20/24 2:19 PM,12/20/24 2:19 PM,10/1/2024,10/31/2024,1,4238
136,12/20/24 2:18 PM,12/20/24 2:18 PM,9/1/2024,9/30/2024,1,4238
136,12/20/24 2:17 PM,12/20/24 2:18 PM,8/1/2024,8/31/2024,1,4238
135,12/20/24 2:17 PM,12/20/24 2:18 PM,12/9/2024,12/20/2024,1,9556
136,12/20/24 2:17 PM,12/20/24 2:17 PM,7/1/2024,7/31/2024,1,4238
304,12/20/24 2:17 PM,12/20/24 2:17 PM,7/1/2024,1/31/2025,1,202
136,12/20/24 2:17 PM,12/20/24 2:17 PM,6/1/2024,6/30/2024,1,4238
136,12/20/24 2:16 PM,12/20/24 2:17 PM,5/16/2024,5/31/2024,1,4238
135,12/20/24 2:15 PM,12/20/24 2:15 PM,12/1/2024,12/20/2024,1,130
135,12/20/24 2:13 PM,12/20/24 2:14 PM,12/1/2023,12/31/2024,1,130
136,12/20/24 2:13 PM,12/20/24 2:13 PM,12/1/2024,12/20/2024,1,4238
135,12/20/24 2:13 PM,12/20/24 2:13 PM,7/1/2024,12/20/2024,1,412
135,12/20/24 2:13 PM,12/20/24 2:13 PM,8/1/2024,12/20/2024,1,658
135,12/20/24 2:12 PM,12/20/24 2:12 PM,7/1/2024,12/20/2024,1,412
135,12/20/24 2:12 PM,12/20/24 2:12 PM,7/1/2024,12/20/2024,1,563
304,12/20/24 2:12 PM,12/20/24 2:12 PM,7/1/2024,12/20/2024,1,654
135,12/20/24 2:12 PM,12/20/24 2:12 PM,8/1/2024,12/20/2024,1,658
190,12/20/24 2:10 PM,12/20/24 2:10 PM,7/1/2023,12/20/2024,1,49
135,12/20/24 2:10 PM,12/20/24 2:10 PM,12/9/2024,12/20/2024,1,10439
160,12/20/24 2:10 PM,12/20/24 2:10 PM,7/1/2024,12/20/2024,1,156
136,12/20/24 2:09 PM,12/20/24 2:10 PM,5/16/2024,12/20/2024,1,4238
149,12/20/24 2:08 PM,12/20/24 2:09 PM,7/1/2024,12/20/2024,1,156
136,12/20/24 2:07 PM,12/20/24 2:08 PM,5/1/2024,12/31/2024,1,8222
135,12/20/24 2:07 PM,12/20/24 2:07 PM,8/1/2024,12/20/2024,1,658
135,12/20/24 2:06 PM,12/20/24 2:06 PM,8/1/2024,12/20/2024,1,658
136,12/20/24 2:06 PM,12/20/24 2:06 PM,12/1/2024,12/20/2024,1,4238
136,12/20/24 2:06 PM,12/20/24 2:06 PM,5/16/2024,12/20/2024,1,1638
135,12/20/24 2:03 PM,12/20/24 2:03 PM,12/16/2024,12/20/2024,1,12066
231,12/20/24 2:02 PM,12/20/24 2:02 PM,10/1/2024,12/20/2024,1,156
231,12/20/24 2:00 PM,12/20/24 2:00 PM,10/1/2024,12/20/2024,1,156
304,12/20/24 1:59 PM,12/20/24 1:59 PM,7/1/2024,12/20/2024,1,654
190,12/20/24 1:58 PM,12/20/24 1:58 PM,8/1/2024,12/20/2024,1,658
135,12/20/24 1:57 PM,12/20/24 1:57 PM,8/1/2024,12/20/2024,1,658
189,12/20/24 1:57 PM,12/20/24 1:57 PM,11/26/2024,12/20/2024,1,2
135,12/20/24 1:56 PM,12/20/24 1:56 PM,12/9/2024,12/20/2024,1,10439
212,12/20/24 1:55 PM,12/20/24 1:55 PM,7/1/2024,1/13/2025,1,201
213,12/20/24 1:54 PM,12/20/24 1:54 PM,7/1/2024,1/13/2025,1,201
304,12/20/24 1:52 PM,12/20/24 1:53 PM,8/20/2024,12/20/2024,1,3390
135,12/20/24 1:50 PM,12/20/24 1:51 PM,5/11/2024,12/20/2024,1,8104
135,12/20/24 1:50 PM,12/20/24 1:50 PM,11/25/2024,12/18/2024,1,9556
135,12/20/24 1:46 PM,12/20/24 1:47 PM,12/9/2024,12/20/2024,1,10439
135,12/20/24 1:44 PM,12/20/24 1:45 PM,12/9/2024,12/20/2024,1,10439
135,12/20/24 1:41 PM,12/20/24 1:42 PM,12/15/2024,12/20/2024,1,9518
135,12/20/24 1:39 PM,12/20/24 1:40 PM,12/9/2024,12/20/2024,1,10439
304,12/20/24 1:39 PM,12/20/24 1:40 PM,7/1/2024,12/20/2024,1,435
135,12/20/24 1:37 PM,12/20/24 1:37 PM,12/15/2024,12/20/2024,1,9518
135,12/20/24 1:29 PM,12/20/24 1:30 PM,12/9/2024,12/20/2024,1,10439
304,12/20/24 1:26 PM,12/20/24 1:26 PM,7/1/2024,12/20/2024,1,189
135,12/20/24 1:24 PM,12/20/24 1:24 PM,12/1/2024,12/20/2024,1,792
192,12/20/24 1:23 PM,12/20/24 1:23 PM,5/15/2024,12/20/2024,1,2944
135,12/20/24 1:22 PM,12/20/24 1:22 PM,5/26/2024,12/20/2024,1,6284
135,12/20/24 1:21 PM,12/20/24 1:22 PM,12/16/2024,12/20/2024,1,12066
135,12/20/24 1:16 PM,12/20/24 1:17 PM,12/16/2024,12/20/2024,1,12066
135,12/20/24 1:16 PM,12/20/24 1:16 PM,12/9/2024,12/20/2024,1,10439
19,12/20/24 1:15 PM,12/20/24 1:15 PM,7/1/2024,12/20/2024,1,327
135,12/20/24 1:15 PM,12/20/24 1:15 PM,12/16/2024,12/20/2024,1,12066
190,12/20/24 1:14 PM,12/20/24 1:14 PM,5/15/2024,12/20/2024,1,2944
135,12/20/24 1:13 PM,12/20/24 1:13 PM,12/9/2024,12/20/2024,1,10439
136,12/20/24 1:12 PM,12/20/24 1:12 PM,12/1/2024,12/21/2024,1,1226
189,12/20/24 1:12 PM,12/20/24 1:12 PM,5/15/2024,12/20/2024,1,2944
136,12/20/24 1:11 PM,12/20/24 1:11 PM,5/15/2024,12/20/2024,1,445
135,12/20/24 1:10 PM,12/20/24 1:10 PM,5/16/2024,12/20/2024,1,247
149,12/20/24 1:06 PM,12/20/24 1:06 PM,7/1/2024,12/20/2024,1,309
160,12/20/24 1:04 PM,12/20/24 1:05 PM,7/1/2024,12/20/2024,1,309
190,12/20/24 1:03 PM,12/20/24 1:03 PM,12/1/2023,12/20/2024,1,244
192,12/20/24 1:02 PM,12/20/24 1:02 PM,7/1/2024,12/20/2024,1,244
136,12/20/24 12:59 PM,12/20/24 12:59 PM,12/1/2024,12/20/2024,1,1226
234,12/20/24 12:58 PM,12/20/24 7:00 PM,7/1/2024,12/20/2024,1,95
158,12/20/24 12:57 PM,12/20/24 12:58 PM,7/1/2024,12/20/2024,1,95
304,12/20/24 12:56 PM,12/20/24 12:57 PM,7/1/2024,12/20/2025,1,107
136,12/20/24 12:49 PM,12/20/24 12:50 PM,5/12/2024,12/20/2024,1,917
150,12/20/24 12:46 PM,12/20/24 12:46 PM,10/1/2023,12/20/2024,9,3190
304,12/20/24 12:45 PM,12/20/24 12:46 PM,7/1/2024,12/20/2024,1,2395
135,12/20/24 12:44 PM,12/20/24 12:44 PM,12/1/2024,12/20/2024,1,214
135,12/20/24 12:42 PM,12/20/24 12:42 PM,12/1/2024,12/20/2024,1,214
304,12/20/24 12:39 PM,12/20/24 12:40 PM,7/1/2024,12/20/2024,1,214
135,12/20/24 12:39 PM,12/20/24 12:39 PM,8/1/2024,12/20/2024,1,792
160,12/20/24 12:38 PM,12/20/24 12:38 PM,7/1/2024,12/20/2024,1,559
149,12/20/24 12:37 PM,12/20/24 12:37 PM,7/1/2024,12/20/2024,1,559
304,12/20/24 12:36 PM,12/20/24 12:39 PM,7/1/2023,12/20/2024,1,509
304,12/20/24 12:36 PM,12/20/24 12:36 PM,11/1/2024,12/20/2024,1,186
304,12/20/24 12:36 PM,12/20/24 12:36 PM,7/1/2024,12/20/2024,1,509
204,12/20/24 12:32 PM,12/20/24 12:33 PM,10/1/2023,12/20/2024,9,3190
214,12/20/24 12:28 PM,12/20/24 12:29 PM,7/1/2024,12/20/2024,1,128
190,12/20/24 12:28 PM,12/20/24 12:29 PM,8/1/2024,12/20/2024,1,792
135,12/20/24 12:28 PM,12/20/24 12:29 PM,12/16/2024,12/20/2024,1,12066
135,12/20/24 12:27 PM,12/20/24 12:27 PM,7/1/2024,12/21/2024,1,334
304,12/20/24 12:27 PM,12/20/24 12:27 PM,7/1/2024,12/20/2024,1,95
302,12/20/24 12:27 PM,12/20/24 12:27 PM,9/30/2023,9/29/2024,1,67
304,12/20/24 12:26 PM,12/20/24 12:27 PM,7/1/2024,12/20/2024,1,2350
135,12/20/24 12:22 PM,12/20/24 12:22 PM,7/1/2024,12/20/2024,1,189
273,12/20/24 12:21 PM,12/20/24 12:21 PM,7/1/2023,12/20/2024,1,189
273,12/20/24 12:20 PM,12/20/24 12:20 PM,7/1/2024,12/20/2024,1,189
271,12/20/24 12:14 PM,12/20/24 12:14 PM,7/1/2024,6/30/2025,1,102
192,12/20/24 12:12 PM,12/20/24 12:12 PM,7/1/2024,12/20/2024,1,189
190,12/20/24 12:12 PM,12/20/24 12:12 PM,7/1/2024,12/20/2024,1,189
304,12/20/24 12:10 PM,12/20/24 12:10 PM,7/1/2024,12/20/2024,1,189
304,12/20/24 12:07 PM,12/20/24 12:07 PM,10/1/2024,12/20/2024,1,281
304,12/20/24 12:03 PM,12/20/24 12:04 PM,10/1/2024,12/20/2024,1,281
136,12/20/24 12:01 PM,12/20/24 12:01 PM,8/8/2024,12/20/2024,1,50
135,12/20/24 12:00 PM,12/20/24 12:00 PM,5/16/2024,12/20/2024,1,2874
304,12/20/24 11:59 AM,12/20/24 11:59 AM,10/1/2024,12/20/2024,1,281
188,12/20/24 11:55 AM,12/20/24 11:55 AM,12/1/2024,12/20/2024,1,658
304,12/20/24 11:54 AM,12/20/24 11:54 AM,10/1/2024,12/20/2024,1,281
135,12/20/24 11:52 AM,12/20/24 11:52 AM,12/1/2024,12/20/2024,1,278
304,12/20/24 11:51 AM,12/20/24 11:51 AM,7/1/2024,12/20/2024,1,129
136,12/20/24 11:51 AM,12/20/24 11:51 AM,5/15/2024,12/20/2024,1,3073
304,12/20/24 11:51 AM,12/20/24 11:51 AM,7/1/2024,12/20/2024,1,207
19,12/20/24 11:48 AM,12/20/24 11:48 AM,9/1/2024,12/20/2024,1,617
135,12/20/24 11:44 AM,12/20/24 11:45 AM,12/1/2024,12/20/2024,1,680
304,12/20/24 11:42 AM,12/20/24 11:42 AM,7/1/2024,12/20/2024,1,435
304,12/20/24 11:40 AM,12/20/24 11:40 AM,7/1/2024,12/20/2024,1,972
135,12/20/24 11:40 AM,12/20/24 11:40 AM,10/1/2024,12/20/2024,1,573
304,12/20/24 11:39 AM,12/20/24 11:40 AM,7/1/2024,12/20/2024,1,972
135,12/20/24 11:39 AM,12/20/24 11:39 AM,7/1/2024,12/20/2024,1,573
192,12/20/24 11:38 AM,12/20/24 11:38 AM,7/1/2024,12/20/2024,1,573
135,12/20/24 11:37 AM,12/20/24 11:37 AM,11/1/2024,11/30/2024,1,901
190,12/20/24 11:36 AM,12/20/24 11:37 AM,7/1/2024,12/20/2024,1,573
135,12/20/24 11:36 AM,12/20/24 11:36 AM,8/12/2024,12/20/2024,1,2922
135,12/20/24 11:36 AM,12/20/24 11:36 AM,5/16/2024,12/20/2024,1,2922
135,12/20/24 11:35 AM,12/20/24 11:36 AM,11/1/2024,12/20/2024,1,2922
135,12/20/24 11:34 AM,12/20/24 11:34 AM,5/16/2024,12/20/2024,1,247
135,12/20/24 11:32 AM,12/20/24 11:32 AM,12/1/2024,12/20/2024,1,2922
135,12/20/24 11:31 AM,12/20/24 11:31 AM,12/1/2025,12/1/2025,1,2922
135,12/20/24 11:31 AM,12/20/24 11:31 AM,12/16/2024,12/20/2024,1,12066
135,12/20/24 11:29 AM,12/20/24 11:29 AM,12/16/2024,12/20/2024,1,12066
160,12/20/24 11:28 AM,12/20/24 11:28 AM,7/1/2024,12/20/2024,1,215
304,12/20/24 11:28 AM,12/20/24 11:28 AM,7/1/2024,12/20/2024,1,137
189,12/20/24 11:25 AM,12/20/24 11:25 AM,7/1/2023,12/20/2024,1,34
136,12/20/24 11:25 AM,12/20/24 11:27 AM,5/13/2023,12/19/2023,1,9518
136,12/20/24 11:23 AM,12/20/24 11:23 AM,5/11/2024,12/20/2024,1,585
136,12/20/24 11:23 AM,12/20/24 11:23 AM,5/11/2024,12/20/2024,1,585
189,12/20/24 11:22 AM,12/20/24 11:22 AM,7/1/2024,12/20/2024,1,34
135,12/20/24 11:22 AM,12/20/24 11:22 AM,5/14/2024,12/20/2024,1,9518
189,12/20/24 11:22 AM,12/20/24 11:22 AM,7/1/2024,12/20/2024,1,34
135,12/20/24 11:21 AM,12/20/24 11:21 AM,12/1/2024,12/20/2024,1,2922
136,12/20/24 11:18 AM,12/20/24 11:19 AM,12/1/2024,12/20/2024,1,9518
304,12/20/24 11:17 AM,12/20/24 11:18 AM,8/20/2024,12/20/2024,1,3390
149,12/20/24 11:16 AM,12/20/24 11:16 AM,7/1/2024,12/20/2024,1,156
304,12/20/24 11:15 AM,12/20/24 11:16 AM,7/1/2024,12/31/2024,1,121
213,12/20/24 11:13 AM,12/20/24 11:13 AM,5/7/2024,12/20/2024,1,2166
190,12/20/24 11:12 AM,12/20/24 11:13 AM,7/1/2024,12/20/2024,1,792
221,12/20/24 11:12 AM,12/20/24 11:12 AM,12/1/2023,12/20/2024,1,372
304,12/20/24 11:12 AM,12/20/24 11:12 AM,7/1/2024,12/20/2024,1,401
135,12/20/24 11:12 AM,12/20/24 11:12 AM,12/1/2024,12/20/2024,1,2922
190,12/20/24 11:12 AM,12/20/24 11:12 AM,7/1/2024,12/20/2024,1,17
135,12/20/24 11:11 AM,12/20/24 11:11 AM,5/16/2024,12/20/2024,1,2922
149,12/20/24 11:10 AM,12/20/24 11:10 AM,10/1/2024,12/20/2024,1,156
160,12/20/24 11:09 AM,12/20/24 11:09 AM,10/1/2024,12/20/2024,1,156
135,12/20/24 11:08 AM,12/20/24 11:09 AM,7/1/2024,12/20/2024,1,9556
160,12/20/24 11:01 AM,12/20/24 11:01 AM,10/1/2024,12/20/2024,1,156
136,12/20/24 11:01 AM,12/20/24 11:01 AM,5/12/2024,12/20/2024,1,917
304,12/20/24 11:01 AM,12/20/24 11:01 AM,7/1/2024,12/20/2024,1,315
136,12/20/24 11:01 AM,12/20/24 11:01 AM,8/16/2024,12/20/2024,1,58
158,12/20/24 10:58 AM,12/20/24 10:58 AM,7/1/2024,12/20/2024,1,206
190,12/20/24 10:57 AM,12/20/24 10:57 AM,7/1/2024,12/20/2024,1,501
160,12/20/24 10:56 AM,12/20/24 10:56 AM,10/1/2024,12/20/2024,1,156
149,12/20/24 10:54 AM,12/20/24 10:54 AM,10/1/2024,12/20/2024,1,156
149,12/20/24 10:53 AM,12/20/24 10:53 AM,7/1/2024,12/20/2024,1,156
304,12/20/24 10:51 AM,12/20/24 10:51 AM,7/1/2024,12/20/2024,1,121
136,12/20/24 10:50 AM,12/20/24 10:52 AM,5/14/2024,12/20/2024,1,9518
136,12/20/24 10:50 AM,12/20/24 10:52 AM,5/14/2024,12/20/2024,1,9518
304,12/20/24 10:49 AM,12/20/24 10:50 AM,7/1/2024,12/20/2024,1,180
135,12/20/24 10:48 AM,12/20/24 10:48 AM,5/7/2024,12/20/2024,1,766
19,12/20/24 10:44 AM,12/20/24 10:44 AM,7/1/2024,12/20/2024,1,304
295,12/20/24 10:44 AM,12/20/24 10:44 AM,7/1/2024,12/20/2024,1,901
295,12/20/24 10:43 AM,12/20/24 10:44 AM,7/1/2024,12/20/2024,1,901
149,12/20/24 10:43 AM,12/20/24 10:43 AM,7/1/2024,12/20/2024,1,93
19,12/20/24 10:43 AM,12/20/24 10:43 AM,7/1/2024,12/20/2024,1,304
135,12/20/24 10:42 AM,12/20/24 10:43 AM,12/16/2024,12/20/2024,1,12066
19,12/20/24 10:42 AM,12/20/24 10:42 AM,7/1/2024,12/20/2024,1,304
136,12/20/24 10:40 AM,12/20/24 10:41 AM,5/1/2024,12/20/2024,1,3093
192,12/20/24 10:40 AM,12/20/24 10:40 AM,7/1/2024,12/20/2024,1,610
189,12/20/24 10:40 AM,12/20/24 10:40 AM,12/11/2024,12/11/2024,1,9518
136,12/20/24 10:39 AM,12/20/24 10:42 AM,5/14/2024,12/11/2024,1,9518
192,12/20/24 10:38 AM,12/20/24 10:38 AM,7/1/2024,12/20/2024,1,610
192,12/20/24 10:38 AM,12/20/24 10:38 AM,7/1/2024,12/20/2024,1,610
190,12/20/24 10:37 AM,12/20/24 10:38 AM,7/1/2024,12/20/2024,1,610
304,12/20/24 10:37 AM,12/20/24 10:37 AM,7/1/2024,12/20/2024,1,315
304,12/20/24 10:37 AM,12/20/24 10:37 AM,10/1/2024,12/20/2024,1,554
304,12/20/24 10:35 AM,12/20/24 10:35 AM,10/1/2024,12/20/2024,1,554
212,12/20/24 10:35 AM,12/20/24 10:35 AM,7/1/2024,12/20/2024,1,610
212,12/20/24 10:35 AM,12/20/24 10:35 AM,7/1/2024,12/20/2024,1,610
189,12/20/24 10:33 AM,12/20/24 10:33 AM,12/11/2024,12/11/2024,1,9518
136,12/20/24 10:32 AM,12/20/24 10:34 AM,5/14/2024,12/11/2024,1,9518
269,12/20/24 10:31 AM,12/20/24 10:31 AM,10/1/2024,12/20/2024,1,507
135,12/20/24 10:29 AM,12/20/24 10:29 AM,7/1/2024,12/20/2024,1,739
135,12/20/24 10:28 AM,12/20/24 10:28 AM,7/1/2024,12/20/2024,1,201
190,12/20/24 10:25 AM,12/20/24 10:26 AM,7/1/2024,12/20/2024,1,3736
304,12/20/24 10:25 AM,12/20/24 10:25 AM,7/1/2024,12/20/2024,1,201
135,12/20/24 10:24 AM,12/20/24 10:24 AM,7/1/2024,12/20/2024,1,207
135,12/20/24 10:24 AM,12/20/24 10:24 AM,7/1/2024,12/20/2024,1,207
136,12/20/24 10:23 AM,12/20/24 10:23 AM,5/16/2024,12/20/2024,1,2874
157,12/20/24 10:23 AM,12/20/24 10:24 AM,9/1/2024,12/20/2024,1,3906
135,12/20/24 10:21 AM,12/20/24 10:21 AM,11/1/2024,11/30/2024,1,56
136,12/20/24 10:21 AM,12/20/24 10:21 AM,5/16/2024,12/20/2024,1,230
149,12/20/24 10:21 AM,12/20/24 10:21 AM,1/1/2024,12/20/2024,1,426
135,12/20/24 10:20 AM,12/20/24 10:20 AM,7/1/2024,12/20/2024,1,207
304,12/20/24 10:20 AM,12/20/24 10:20 AM,1/1/2024,12/20/2024,1,426
135,12/20/24 10:19 AM,12/20/24 10:19 AM,7/1/2024,12/20/2024,1,295
135,12/20/24 10:19 AM,12/20/24 10:19 AM,11/1/2024,11/30/2024,1,56
189,12/20/24 10:18 AM,12/20/24 10:18 AM,10/1/2024,12/20/2024,1,176
304,12/20/24 10:18 AM,12/20/24 10:18 AM,11/1/2024,12/20/2024,1,186
149,12/20/24 10:18 AM,12/20/24 10:18 AM,7/1/2024,12/20/2024,1,93
304,12/20/24 10:17 AM,12/20/24 10:18 AM,7/1/2024,12/20/2024,1,127
304,12/20/24 10:16 AM,12/20/24 10:17 AM,7/1/2024,12/20/2024,1,127
304,12/20/24 10:16 AM,12/20/24 10:16 AM,7/1/2024,12/20/2024,1,315
135,12/20/24 10:15 AM,12/20/24 10:15 AM,11/1/2024,12/20/2024,1,2922
304,12/20/24 10:13 AM,12/20/24 10:14 AM,7/1/2024,12/20/2024,1,972
304,12/20/24 10:12 AM,12/20/24 10:13 AM,10/1/2024,12/20/2024,1,554
276,12/20/24 10:11 AM,12/20/24 10:11 AM,7/1/2024,12/20/2024,1,83
135,12/20/24 10:10 AM,12/20/24 10:10 AM,12/2/2024,12/20/2024,1,1199
136,12/20/24 10:10 AM,12/20/24 10:12 AM,5/14/2024,12/20/2024,1,9556
304,12/20/24 10:08 AM,12/20/24 10:08 AM,10/1/2024,12/20/2024,1,554
135,12/20/24 10:07 AM,12/20/24 10:07 AM,7/1/2024,12/20/2024,1,1144
212,12/20/24 10:06 AM,12/20/24 10:06 AM,7/1/2024,12/20/2024,1,790
302,12/20/24 10:06 AM,12/20/24 10:06 AM,1/1/2024,12/31/2024,1,426
135,12/20/24 10:05 AM,12/20/24 10:05 AM,7/1/2024,12/20/2024,1,411
135,12/20/24 10:05 AM,12/20/24 10:05 AM,7/1/2024,12/20/2024,1,790
135,12/20/24 10:05 AM,12/20/24 10:05 AM,7/1/2024,12/20/2024,1,411
136,12/20/24 10:04 AM,12/20/24 10:04 AM,8/16/2024,12/20/2024,1,58
304,12/20/24 10:03 AM,12/20/24 10:04 AM,10/1/2024,12/20/2024,1,554
160,12/20/24 10:02 AM,12/20/24 10:02 AM,10/1/2024,12/20/2024,1,554
149,12/20/24 10:01 AM,12/20/24 10:01 AM,10/1/2024,12/20/2024,1,554
188,12/20/24 9:59 AM,12/20/24 9:59 AM,5/15/2024,12/20/2024,1,687
136,12/20/24 9:58 AM,12/20/24 9:58 AM,6/1/2024,12/20/2024,1,58
304,12/20/24 9:58 AM,12/20/24 9:58 AM,11/20/2024,12/20/2024,1,262
135,12/20/24 9:57 AM,12/20/24 9:57 AM,5/13/2024,12/22/2024,1,3775
304,12/20/24 9:57 AM,12/20/24 9:57 AM,10/30/2024,12/20/2024,1,262
136,12/20/24 9:56 AM,12/20/24 9:57 AM,11/27/2024,12/20/2024,1,58
189,12/20/24 9:56 AM,12/20/24 9:56 AM,5/15/2024,12/20/2024,1,687
304,12/20/24 9:56 AM,12/20/24 9:56 AM,7/1/2024,12/20/2024,1,262
135,12/20/24 9:55 AM,12/20/24 9:55 AM,12/1/2024,12/20/2024,1,2166
189,12/20/24 9:52 AM,12/20/24 9:52 AM,11/1/2024,11/30/2024,1,11292
189,12/20/24 9:52 AM,12/20/24 9:52 AM,7/1/2024,12/20/2024,1,44
136,12/20/24 9:51 AM,12/20/24 9:51 AM,11/27/2024,12/20/2024,1,58
135,12/20/24 9:50 AM,12/20/24 9:50 AM,7/1/2024,12/20/2024,1,857
135,12/20/24 9:48 AM,12/20/24 9:48 AM,5/7/2024,12/20/2024,1,766
188,12/20/24 9:47 AM,12/20/24 9:47 AM,7/1/2024,12/20/2024,1,304
221,12/20/24 9:45 AM,12/20/24 9:45 AM,7/1/2024,12/20/2024,1,304
136,12/20/24 9:42 AM,12/20/24 9:42 AM,5/15/2024,12/20/2024,1,210
275,12/20/24 9:42 AM,12/20/24 9:42 AM,7/1/2024,12/20/2024,1,83
304,12/20/24 9:42 AM,12/20/24 9:42 AM,7/1/2024,12/20/2024,1,554
189,12/20/24 9:41 AM,12/20/24 9:41 AM,10/1/2024,12/20/2024,1,342
135,12/20/24 9:41 AM,12/20/24 9:41 AM,12/15/2024,12/21/2024,1,9518
304,12/20/24 9:41 AM,12/20/24 9:41 AM,7/1/2024,12/20/2024,1,554
192,12/20/24 9:41 AM,12/20/24 9:41 AM,7/1/2024,12/20/2024,1,228
190,12/20/24 9:40 AM,12/20/24 9:40 AM,5/31/2023,12/20/2024,1,228
190,12/20/24 9:39 AM,12/20/24 9:39 AM,7/1/2024,12/20/2024,1,228
136,12/20/24 9:38 AM,12/20/24 9:38 AM,5/6/2024,12/20/2024,1,1106
276,12/20/24 9:38 AM,12/20/24 9:38 AM,7/1/2024,12/20/2024,1,83
136,12/20/24 9:37 AM,12/20/24 9:37 AM,5/6/2024,12/20/2024,1,1106
161,12/20/24 9:37 AM,12/20/24 9:37 AM,10/1/2024,12/20/2024,5,741
135,12/20/24 9:37 AM,12/20/24 9:37 AM,5/16/2024,12/20/2024,1,11292
304,12/20/24 9:36 AM,12/20/24 9:36 AM,7/1/2024,12/20/2024,1,323
189,12/20/24 9:36 AM,12/20/24 9:36 AM,10/1/2024,10/31/2024,1,11292
190,12/20/24 9:35 AM,12/20/24 9:35 AM,1/1/2024,12/20/2024,1,77
212,12/20/24 9:34 AM,12/20/24 9:35 AM,3/1/2024,12/20/2024,1,77
304,12/20/24 9:34 AM,12/20/24 9:35 AM,7/1/2024,12/20/2024,1,972
304,12/20/24 9:34 AM,12/20/24 9:35 AM,7/1/2024,12/20/2024,1,972
136,12/20/24 9:33 AM,12/20/24 9:33 AM,5/15/2024,12/20/2024,1,687
135,12/20/24 9:32 AM,12/20/24 9:32 AM,5/15/2024,12/20/2024,1,687
212,12/20/24 9:32 AM,12/20/24 9:32 AM,7/1/2024,12/20/2024,1,77
315,12/20/24 9:30 AM,12/20/24 9:30 AM,12/1/2024,12/20/2024,1,733
212,12/20/24 9:29 AM,12/20/24 9:29 AM,7/1/2024,12/20/2024,1,77
136,12/20/24 9:29 AM,12/20/24 9:29 AM,6/1/2024,12/20/2024,1,58
136,12/20/24 9:28 AM,12/20/24 9:28 AM,6/1/2024,12/20/2024,1,58
160,12/20/24 9:27 AM,12/20/24 9:27 AM,10/1/2024,12/20/2024,1,99
135,12/20/24 9:26 AM,12/20/24 9:26 AM,12/8/2024,12/14/2024,1,143
189,12/20/24 9:25 AM,12/20/24 9:25 AM,7/1/2024,12/20/2024,1,129
189,12/20/24 9:24 AM,12/20/24 9:24 AM,7/1/2024,12/20/2024,1,129
304,12/20/24 9:24 AM,12/20/24 9:24 AM,10/1/2024,12/20/2024,1,281
221,12/20/24 9:23 AM,12/20/24 9:23 AM,7/1/2024,12/20/2024,1,129
160,12/20/24 9:18 AM,12/20/24 9:18 AM,7/1/2024,12/20/2024,1,1047
149,12/20/24 9:17 AM,12/20/24 9:17 AM,7/1/2024,12/20/2024,1,1047
304,12/20/24 9:16 AM,12/20/24 9:17 AM,7/1/2024,12/20/2024,1,768
304,12/20/24 9:16 AM,12/20/24 9:17 AM,7/1/2024,12/20/2024,1,768
135,12/20/24 9:15 AM,12/20/24 9:15 AM,5/6/2024,12/20/2024,1,1323
295,12/20/24 9:14 AM,12/20/24 9:14 AM,7/1/2024,12/20/2024,1,528
135,12/20/24 9:14 AM,12/20/24 9:14 AM,12/16/2024,12/20/2024,1,12066
135,12/20/24 9:13 AM,12/20/24 9:14 AM,8/20/2024,12/20/2024,1,3390
304,12/20/24 9:13 AM,12/20/24 9:13 AM,7/1/2024,12/20/2024,1,768
155,12/20/24 9:12 AM,12/20/24 9:12 AM,10/1/2024,12/20/2024,1,33
155,12/20/24 9:11 AM,12/20/24 9:12 AM,10/1/2024,12/20/2024,1,33
304,12/20/24 9:11 AM,12/20/24 9:11 AM,7/1/2024,12/20/2024,1,654
269,12/20/24 9:09 AM,12/20/24 9:09 AM,10/1/2024,12/20/2024,1,33
150,12/20/24 9:06 AM,12/20/24 9:06 AM,11/1/2024,11/30/2024,5,741
304,12/20/24 9:06 AM,12/20/24 9:06 AM,7/1/2024,12/20/2024,1,768
304,12/20/24 9:05 AM,12/20/24 9:05 AM,7/1/2024,12/20/2024,1,323
304,12/20/24 9:04 AM,12/20/24 9:04 AM,8/7/2024,12/20/2024,1,8
190,12/20/24 9:04 AM,12/20/24 9:04 AM,7/1/2024,12/20/2024,1,211
304,12/20/24 9:04 AM,12/20/24 9:04 AM,7/1/2024,12/20/2024,1,2510
203,12/20/24 9:02 AM,12/20/24 9:02 AM,11/1/2024,11/30/2024,1,901
203,12/20/24 9:01 AM,12/20/24 9:01 AM,10/1/2024,12/20/2024,1,901
135,12/20/24 8:58 AM,12/20/24 8:58 AM,7/1/2024,12/20/2024,1,129
135,12/20/24 8:49 AM,12/20/24 8:49 AM,12/1/2024,12/20/2024,1,573
304,12/20/24 8:46 AM,12/20/24 8:46 AM,10/1/2024,12/20/2024,1,554
302,12/20/24 8:46 AM,12/20/24 8:47 AM,7/1/2024,6/30/2025,1,301
135,12/20/24 8:43 AM,12/20/24 8:43 AM,11/1/2024,12/20/2024,1,35
304,12/20/24 8:43 AM,12/20/24 8:43 AM,7/1/2024,12/20/2024,1,768
135,12/20/24 8:42 AM,12/20/24 8:43 AM,7/1/2024,12/18/2024,1,9556
135,12/20/24 8:42 AM,12/20/24 8:42 AM,7/1/2024,12/18/2024,1,9556
135,12/20/24 8:41 AM,12/20/24 8:41 AM,7/1/2024,12/18/2024,1,9556
304,12/20/24 8:41 AM,12/20/24 8:41 AM,7/1/2024,12/20/2024,1,356
135,12/20/24 8:41 AM,12/20/24 8:41 AM,7/1/2024,12/18/2024,1,9556
302,12/20/24 8:40 AM,12/20/24 8:41 AM,7/1/2024,6/30/2025,1,301
135,12/20/24 8:40 AM,12/20/24 8:40 AM,7/1/2024,12/18/2024,1,9556
135,12/20/24 8:39 AM,12/20/24 8:39 AM,7/1/2024,12/18/2024,1,9556
135,12/20/24 8:38 AM,12/20/24 8:38 AM,7/1/2024,12/18/2024,1,9556
135,12/20/24 8:37 AM,12/20/24 8:37 AM,5/14/2024,12/20/2024,1,319
135,12/20/24 8:37 AM,12/20/24 8:37 AM,7/1/2024,12/18/2024,1,9556
304,12/20/24 8:37 AM,12/20/24 8:37 AM,7/1/2024,12/20/2024,1,78
135,12/20/24 8:36 AM,12/20/24 8:36 AM,7/1/2024,12/18/2024,1,9556
135,12/20/24 8:35 AM,12/20/24 8:36 AM,7/1/2024,12/18/2024,1,9556
135,12/20/24 8:35 AM,12/20/24 8:35 AM,7/1/2024,12/18/2024,1,9556
136,12/20/24 8:34 AM,12/20/24 8:34 AM,5/3/2024,12/20/2024,1,1365
135,12/20/24 8:34 AM,12/20/24 8:34 AM,7/1/2024,12/18/2024,1,9556
135,12/20/24 8:33 AM,12/20/24 8:34 AM,7/1/2024,12/18/2024,1,9556
190,12/20/24 8:33 AM,12/20/24 8:33 AM,7/1/2024,12/20/2024,1,654
302,12/20/24 8:32 AM,12/20/24 8:33 AM,7/1/2024,6/30/2025,1,334
135,12/20/24 8:32 AM,12/20/24 8:33 AM,7/1/2024,12/18/2024,1,9556
135,12/20/24 8:32 AM,12/20/24 8:32 AM,11/1/2024,12/20/2024,1,134
135,12/20/24 8:32 AM,12/20/24 8:32 AM,7/1/2024,12/18/2024,1,9556
135,12/20/24 8:31 AM,12/20/24 8:31 AM,7/1/2024,12/18/2024,1,9556
135,12/20/24 8:30 AM,12/20/24 8:31 AM,7/1/2024,12/18/2024,1,9556
160,12/20/24 8:30 AM,12/20/24 8:30 AM,7/1/2024,12/20/2024,1,309
135,12/20/24 8:30 AM,12/20/24 8:30 AM,7/1/2024,12/18/2024,1,9556
304,12/20/24 8:29 AM,12/20/24 8:29 AM,7/1/2024,12/20/2024,1,78
213,12/20/24 8:29 AM,12/20/24 8:29 AM,7/1/2024,12/20/2024,1,654
135,12/20/24 8:29 AM,12/20/24 8:29 AM,7/1/2024,12/18/2024,1,9556
135,12/20/24 8:28 AM,12/20/24 8:28 AM,7/1/2024,12/18/2024,1,9556
212,12/20/24 8:28 AM,12/20/24 8:28 AM,7/1/2024,12/20/2024,1,654
135,12/20/24 8:28 AM,12/20/24 8:28 AM,7/1/2024,12/18/2024,1,9556
135,12/20/24 8:27 AM,12/20/24 8:27 AM,7/1/2024,12/18/2024,1,9556
135,12/20/24 8:26 AM,12/20/24 8:26 AM,7/1/2024,12/18/2024,1,9556
302,12/20/24 8:26 AM,12/20/24 8:26 AM,7/1/2024,6/30/2025,1,334
135,12/20/24 8:25 AM,12/20/24 8:25 AM,7/1/2024,12/18/2024,1,9556
135,12/20/24 8:24 AM,12/20/24 8:25 AM,7/1/2024,12/18/2024,1,9556
135,12/20/24 8:24 AM,12/20/24 8:24 AM,7/1/2024,12/18/2024,1,9556
234,12/20/24 8:23 AM,12/20/24 7:00 PM,7/1/2024,12/20/2024,1,385
160,12/20/24 8:23 AM,12/20/24 8:23 AM,7/1/2024,12/20/2024,1,385
149,12/20/24 8:22 AM,12/20/24 8:22 AM,7/1/2024,12/20/2024,1,385
302,12/20/24 8:19 AM,12/20/24 8:19 AM,7/1/2024,6/30/2025,1,334
304,12/20/24 8:19 AM,12/20/24 8:19 AM,7/1/2024,12/20/2024,1,1653
212,12/20/24 8:14 AM,12/20/24 8:14 AM,7/1/2024,12/20/2024,1,975
304,12/20/24 8:13 AM,12/20/24 8:13 AM,7/1/2024,12/20/2024,1,202
136,12/20/24 8:11 AM,12/20/24 8:11 AM,5/12/2024,12/20/2024,1,917
135,12/20/24 8:08 AM,12/20/24 8:08 AM,5/16/2024,12/20/2024,1,3190
135,12/20/24 8:06 AM,12/20/24 8:06 AM,5/15/2024,12/20/2024,1,687
304,12/20/24 8:06 AM,12/20/24 8:06 AM,7/1/2024,12/20/2024,1,202
135,12/20/24 8:02 AM,12/20/24 8:03 AM,7/1/2024,12/20/2024,1,995
136,12/20/24 7:59 AM,12/20/24 7:59 AM,5/16/2024,12/20/2024,1,281
135,12/20/24 7:58 AM,12/20/24 7:58 AM,12/1/2024,12/20/2024,1,1199
212,12/20/24 7:50 AM,12/20/24 7:50 AM,7/1/2024,12/20/2024,1,206
189,12/20/24 7:48 AM,12/20/24 7:48 AM,8/1/2024,12/20/2024,1,9556
135,12/20/24 7:47 AM,12/20/24 7:47 AM,8/1/2024,12/20/2024,1,9556
189,12/20/24 7:41 AM,12/20/24 7:42 AM,9/1/2024,9/30/2024,1,11292
304,12/20/24 7:40 AM,12/20/24 7:41 AM,7/1/2024,12/20/2024,1,507
269,12/20/24 7:37 AM,12/20/24 7:38 AM,10/1/2024,12/20/2024,1,901
304,12/20/24 7:36 AM,12/20/24 7:36 AM,7/1/2024,12/20/2024,1,680
188,12/20/24 7:34 AM,12/20/24 7:34 AM,5/16/2024,12/20/2024,1,663
189,12/20/24 7:33 AM,12/20/24 7:33 AM,10/1/2024,12/31/2024,1,387
270,12/20/24 7:32 AM,12/20/24 7:33 AM,10/1/2024,12/20/2024,1,33
270,12/20/24 7:30 AM,12/20/24 7:30 AM,10/1/2024,12/20/2024,1,33
149,12/20/24 7:28 AM,12/20/24 7:28 AM,10/1/2024,12/20/2024,1,33
136,12/20/24 7:28 AM,12/20/24 7:28 AM,8/20/2024,12/20/2024,1,3390
304,12/20/24 7:25 AM,12/20/24 7:25 AM,7/1/2024,12/20/2024,1,301
188,12/20/24 7:20 AM,12/20/24 7:20 AM,7/1/2022,12/20/2024,1,1653
188,12/20/24 7:20 AM,12/20/24 7:20 AM,7/1/2022,12/20/2024,1,1653
212,12/20/24 7:16 AM,12/20/24 7:17 AM,7/1/2024,12/20/2024,1,231
190,12/20/24 7:15 AM,12/20/24 7:15 AM,7/1/2024,12/20/2024,1,231
213,12/20/24 7:11 AM,12/20/24 7:12 AM,7/1/2024,12/20/2024,1,231
135,12/20/24 6:58 AM,12/20/24 6:58 AM,12/6/2024,12/20/2024,1,2145
135,12/20/24 6:53 AM,12/20/24 6:53 AM,7/1/2024,12/20/2024,1,320
135,12/20/24 6:49 AM,12/20/24 6:49 AM,7/1/2024,12/20/2024,1,320
135,12/20/24 6:34 AM,12/20/24 6:34 AM,7/1/2024,12/20/2024,1,9556
135,12/20/24 5:10 AM,12/20/24 5:10 AM,5/16/2024,12/20/2024,1,2874
135,12/20/24 5:05 AM,12/20/24 5:05 AM,5/16/2024,12/20/2024,1,2874
304,12/20/24 1:59 AM,12/20/24 2:00 AM,7/1/2024,12/20/2024,1,901
304,12/20/24 1:59 AM,12/20/24 1:59 AM,7/1/2024,12/20/2024,1,901
304,12/20/24 1:59 AM,12/20/24 1:59 AM,7/1/2024,12/20/2024,1,901
304,12/20/24 1:58 AM,12/20/24 1:58 AM,7/1/2024,12/20/2024,1,901
304,12/20/24 1:58 AM,12/20/24 1:58 AM,7/1/2024,12/20/2024,1,901
135,12/20/24 1:52 AM,12/20/24 1:52 AM,7/1/2024,12/20/2024,1,901
135,12/20/24 1:42 AM,12/20/24 1:42 AM,7/1/2024,12/20/2024,1,901
135,12/20/24 1:42 AM,12/20/24 1:42 AM,7/1/2024,12/20/2024,1,901
135,12/20/24 1:30 AM,12/20/24 1:30 AM,7/1/2024,12/20/2024,1,901
135,12/20/24 1:30 AM,12/20/24 1:30 AM,7/1/2024,12/20/2024,1,901
304,12/19/24 11:39 PM,12/19/24 11:39 PM,7/1/2024,12/19/2024,1,554
135,12/19/24 11:33 PM,12/19/24 11:33 PM,7/1/2024,12/18/2024,1,9556
135,12/19/24 11:30 PM,12/19/24 11:31 PM,12/16/2024,12/19/2024,1,12066
135,12/19/24 11:03 PM,12/19/24 11:03 PM,11/25/2024,12/19/2024,1,9556
135,12/19/24 11:01 PM,12/19/24 11:02 PM,12/16/2024,12/19/2024,1,9518
135,12/19/24 10:36 PM,12/19/24 10:36 PM,12/16/2024,12/20/2024,1,9518
302,12/19/24 10:34 PM,12/19/24 10:35 PM,11/29/2023,9/30/2024,1,10
304,12/19/24 10:32 PM,12/19/24 10:32 PM,11/29/2023,9/30/2024,1,10
135,12/19/24 10:30 PM,12/19/24 10:30 PM,12/16/2024,12/19/2024,1,2166
214,12/19/24 10:30 PM,12/19/24 10:30 PM,11/29/2023,12/19/2024,1,10
135,12/19/24 10:24 PM,12/19/24 10:25 PM,11/17/2024,12/19/2024,1,9556
135,12/19/24 10:03 PM,12/19/24 10:03 PM,5/16/2024,12/19/2024,1,247
135,12/19/24 9:57 PM,12/19/24 9:58 PM,5/16/2024,12/19/2024,1,247
135,12/19/24 9:39 PM,12/19/24 9:39 PM,7/1/2024,12/19/2024,1,9556
135,12/19/24 9:35 PM,12/19/24 9:35 PM,12/1/2024,12/19/2024,1,191
135,12/19/24 9:34 PM,12/19/24 9:35 PM,7/1/2024,12/18/2024,1,9556
278,12/19/24 9:32 PM,12/19/24 9:33 PM,5/15/2024,12/19/2024,1,421
281,12/19/24 9:32 PM,12/19/24 9:32 PM,5/15/2024,12/19/2024,1,421
135,12/19/24 9:32 PM,12/19/24 9:32 PM,12/1/2024,12/19/2024,1,191
135,12/19/24 9:31 PM,12/19/24 9:32 PM,7/1/2024,12/19/2024,1,9556
135,12/19/24 9:30 PM,12/19/24 9:30 PM,12/9/2024,12/14/2024,1,9518
135,12/19/24 9:29 PM,12/19/24 9:30 PM,12/16/2024,12/19/2024,1,9518
190,12/19/24 9:28 PM,12/19/24 9:28 PM,5/15/2024,12/19/2024,1,421
135,12/19/24 9:26 PM,12/19/24 9:27 PM,7/1/2024,12/19/2024,1,9556
136,12/19/24 9:26 PM,12/19/24 9:26 PM,5/15/2024,12/20/2024,1,421
135,12/19/24 9:20 PM,12/19/24 9:20 PM,12/1/2024,12/31/2024,1,658
304,12/19/24 9:19 PM,12/19/24 9:19 PM,7/1/2024,12/19/2024,1,554
190,12/19/24 9:12 PM,12/19/24 9:12 PM,7/1/2024,12/19/2024,1,792
135,12/19/24 9:06 PM,12/19/24 9:06 PM,12/9/2024,12/19/2024,1,10439
136,12/19/24 9:00 PM,12/19/24 9:00 PM,5/10/2024,12/19/2024,1,39
135,12/19/24 9:00 PM,12/19/24 9:00 PM,12/9/2024,12/22/2024,1,10439
136,12/19/24 8:59 PM,12/19/24 9:00 PM,5/18/2024,12/19/2024,1,39
281,12/19/24 8:57 PM,12/19/24 8:57 PM,7/1/2024,12/19/2024,1,119
189,12/19/24 8:55 PM,12/19/24 8:55 PM,12/1/2024,12/31/2024,1,658
188,12/19/24 8:52 PM,12/19/24 8:52 PM,7/1/2024,12/19/2024,1,119
135,12/19/24 8:38 PM,12/19/24 8:38 PM,5/16/2024,12/19/2024,1,3190
135,12/19/24 8:34 PM,12/19/24 8:34 PM,11/1/2024,12/19/2024,1,2922
304,12/19/24 8:33 PM,12/19/24 8:33 PM,7/1/2024,12/19/2024,1,153
135,12/19/24 8:31 PM,12/19/24 8:31 PM,7/1/2024,12/19/2024,1,119
135,12/19/24 8:28 PM,12/19/24 8:28 PM,5/12/2024,12/19/2024,1,2532
304,12/19/24 8:26 PM,12/19/24 8:26 PM,7/1/2024,11/30/2024,1,435
135,12/19/24 7:52 PM,12/19/24 7:53 PM,5/16/2024,12/19/2024,1,3190
304,12/19/24 7:40 PM,12/19/24 7:40 PM,10/1/2024,12/19/2024,1,281
304,12/19/24 7:39 PM,12/19/24 7:39 PM,10/1/2024,12/19/2024,1,281
135,12/19/24 7:38 PM,12/19/24 7:38 PM,5/16/2024,12/18/2024,1,11292
304,12/19/24 7:36 PM,12/19/24 7:36 PM,10/1/2024,12/19/2024,1,281
304,12/19/24 7:34 PM,12/19/24 7:35 PM,10/1/2024,12/19/2024,1,281
136,12/19/24 7:25 PM,12/19/24 7:26 PM,5/16/2024,12/20/2024,1,663
135,12/19/24 7:23 PM,12/19/24 7:23 PM,12/16/2024,12/19/2024,1,10439
302,12/19/24 6:53 PM,12/19/24 6:54 PM,6/24/2024,6/23/2025,1,5
135,12/19/24 6:49 PM,12/19/24 6:49 PM,5/16/2024,12/19/2024,1,11292
135,12/19/24 6:48 PM,12/19/24 6:48 PM,5/16/2024,12/19/2024,1,10439
304,12/19/24 6:45 PM,12/19/24 6:46 PM,7/1/2024,12/19/2024,1,161
304,12/19/24 6:45 PM,12/19/24 6:45 PM,7/1/2024,12/19/2024,1,161
190,12/19/24 6:43 PM,12/19/24 6:43 PM,7/1/2024,12/19/2024,1,228
304,12/19/24 6:42 PM,12/19/24 6:42 PM,7/1/2024,12/19/2024,1,161
213,12/19/24 6:41 PM,12/19/24 6:41 PM,7/1/2024,12/19/2024,1,228
213,12/19/24 6:40 PM,12/19/24 6:40 PM,7/1/2024,12/19/2024,1,228
212,12/19/24 6:26 PM,12/19/24 6:27 PM,7/1/2024,12/19/2024,1,1365
135,12/19/24 6:25 PM,12/19/24 6:25 PM,12/16/2024,12/20/2024,1,12066
135,12/19/24 6:23 PM,12/19/24 6:24 PM,5/13/2024,12/19/2024,1,3775
304,12/19/24 6:23 PM,12/19/24 6:23 PM,7/1/2024,12/19/2024,1,161
304,12/19/24 6:19 PM,12/19/24 6:19 PM,7/1/2024,12/19/2024,1,161
304,12/19/24 6:07 PM,12/19/24 6:07 PM,7/1/2024,12/19/2024,1,229
304,12/19/24 6:01 PM,12/19/24 6:01 PM,7/1/2023,12/19/2024,1,350
135,12/19/24 5:58 PM,12/19/24 5:59 PM,12/16/2024,12/20/2024,1,12066
135,12/19/24 5:55 PM,12/19/24 5:56 PM,12/15/2024,12/19/2024,1,9518
212,12/19/24 5:36 PM,12/19/24 5:36 PM,5/15/2024,12/19/2024,1,2944
135,12/19/24 5:35 PM,12/19/24 5:35 PM,8/19/2024,12/19/2024,1,2567
135,12/19/24 5:35 PM,12/19/24 5:35 PM,8/19/2024,12/19/2024,1,2567
212,12/19/24 5:35 PM,12/19/24 5:36 PM,5/15/2024,12/19/2024,1,2944
135,12/19/24 5:32 PM,12/19/24 5:32 PM,8/7/2024,12/19/2024,1,8
189,12/19/24 5:31 PM,12/19/24 5:31 PM,8/7/2024,12/19/2024,1,8
135,12/19/24 5:29 PM,12/19/24 5:30 PM,5/16/2024,12/19/2024,1,11292
304,12/19/24 5:26 PM,12/19/24 5:27 PM,5/15/2024,12/19/2024,1,2944
135,12/19/24 5:26 PM,12/19/24 5:26 PM,7/1/2024,12/19/2024,1,323
188,12/19/24 5:26 PM,12/19/24 5:26 PM,5/15/2024,12/19/2024,1,2944
188,12/19/24 5:26 PM,12/19/24 5:26 PM,5/15/2024,12/19/2024,1,2944
304,12/19/24 5:25 PM,12/19/24 5:26 PM,7/1/2024,12/19/2024,1,975
203,12/19/24 5:25 PM,12/19/24 5:25 PM,10/1/2024,12/19/2024,1,81
149,12/19/24 5:24 PM,12/19/24 5:24 PM,10/1/2024,12/19/2024,1,81
135,12/19/24 5:24 PM,12/19/24 5:24 PM,12/16/2024,12/19/2024,1,12066
135,12/19/24 5:21 PM,12/19/24 5:21 PM,5/15/2024,12/19/2024,1,2944
135,12/19/24 5:21 PM,12/19/24 5:21 PM,7/1/2024,12/19/2024,1,89
304,12/19/24 5:20 PM,12/19/24 5:21 PM,7/1/2024,11/30/2024,1,417
149,12/19/24 5:18 PM,12/19/24 5:18 PM,10/1/2024,12/19/2024,1,901
188,12/19/24 5:18 PM,12/19/24 5:18 PM,8/7/2024,12/19/2024,1,8
135,12/19/24 5:18 PM,12/19/24 5:18 PM,5/15/2024,12/19/2024,1,2944
135,12/19/24 5:17 PM,12/19/24 5:17 PM,5/15/2024,12/19/2024,1,2944
135,12/19/24 5:17 PM,12/19/24 5:17 PM,5/15/2024,12/19/2024,1,2944
135,12/19/24 5:17 PM,12/19/24 5:17 PM,5/15/2024,12/19/2024,1,2944
135,12/19/24 5:17 PM,12/19/24 5:17 PM,5/15/2024,12/19/2024,1,2944
135,12/19/24 5:17 PM,12/19/24 5:17 PM,5/15/2024,12/19/2024,1,2944
135,12/19/24 5:12 PM,12/19/24 5:12 PM,5/15/2024,12/19/2024,1,2944
214,12/19/24 5:11 PM,12/19/24 5:11 PM,8/7/2024,12/19/2024,1,8
213,12/19/24 5:11 PM,12/19/24 5:11 PM,8/7/2024,12/19/2024,1,8
136,12/19/24 5:10 PM,12/19/24 5:10 PM,5/16/2024,12/19/2024,1,1681
149,12/19/24 5:09 PM,12/19/24 5:09 PM,7/1/2024,12/19/2024,1,174
149,12/19/24 5:09 PM,12/19/24 5:09 PM,7/1/2024,12/19/2024,1,174
212,12/19/24 5:09 PM,12/19/24 5:09 PM,7/1/2024,12/19/2024,1,654
160,12/19/24 5:08 PM,12/19/24 5:08 PM,10/1/2024,12/19/2024,1,975
135,12/19/24 5:06 PM,12/19/24 5:07 PM,5/15/2024,12/19/2024,1,2944
136,12/19/24 5:05 PM,12/19/24 5:05 PM,8/19/2024,12/19/2024,1,2145
135,12/19/24 5:03 PM,12/19/24 5:04 PM,12/16/2024,12/19/2024,1,12066
149,12/19/24 5:03 PM,12/19/24 5:03 PM,10/1/2024,12/19/2024,1,975
234,12/19/24 5:00 PM,12/19/24 7:00 PM,10/1/2024,12/19/2024,1,975
190,12/19/24 5:00 PM,12/19/24 5:00 PM,8/7/2024,12/19/2024,1,8
273,12/19/24 4:58 PM,12/19/24 4:58 PM,7/1/2024,12/19/2024,1,323
212,12/19/24 4:56 PM,12/19/24 4:56 PM,7/1/2024,12/19/2024,1,8
302,12/19/24 4:56 PM,12/19/24 4:56 PM,7/1/2024,6/30/2025,1,8
231,12/19/24 4:54 PM,12/19/24 4:54 PM,7/1/2024,12/19/2024,1,76
231,12/19/24 4:54 PM,12/19/24 4:54 PM,10/1/2024,12/31/2024,1,76
135,12/19/24 4:52 PM,12/19/24 4:52 PM,5/14/2024,12/19/2024,1,6363
304,12/19/24 4:48 PM,12/19/24 4:49 PM,7/1/2024,12/19/2024,1,161
304,12/19/24 4:48 PM,12/19/24 4:48 PM,7/1/2024,12/19/2024,1,161
135,12/19/24 4:46 PM,12/19/24 4:46 PM,5/16/2024,12/19/2024,1,3190
135,12/19/24 4:46 PM,12/19/24 4:46 PM,5/16/2024,12/19/2024,1,3190
304,12/19/24 4:39 PM,12/19/24 4:39 PM,7/1/2024,12/19/2024,1,654
302,12/19/24 4:37 PM,12/19/24 4:37 PM,11/1/2024,11/30/2025,1,50
149,12/19/24 4:36 PM,12/19/24 4:36 PM,10/1/2024,12/19/2024,1,901
136,12/19/24 4:35 PM,12/19/24 4:35 PM,5/16/2024,12/19/2024,1,1681
150,12/19/24 4:34 PM,12/19/24 4:34 PM,11/1/2024,11/30/2024,6,867
213,12/19/24 4:33 PM,12/19/24 4:33 PM,7/1/2024,12/31/2024,1,63
135,12/19/24 4:32 PM,12/19/24 4:32 PM,5/16/2024,12/19/2024,1,3190
135,12/19/24 4:26 PM,12/19/24 4:26 PM,7/1/2024,12/19/2024,1,323
304,12/19/24 4:22 PM,12/19/24 4:22 PM,7/1/2024,12/19/2024,1,619
304,12/19/24 4:20 PM,12/19/24 4:20 PM,7/1/2024,12/19/2024,1,169
135,12/19/24 4:17 PM,12/19/24 4:17 PM,7/1/2024,12/19/2024,1,895
136,12/19/24 4:16 PM,12/19/24 4:16 PM,5/1/2024,12/19/2024,1,558
304,12/19/24 4:16 PM,12/19/24 4:16 PM,7/1/2024,12/19/2024,1,46
135,12/19/24 4:16 PM,12/19/24 4:16 PM,10/1/2024,12/19/2024,1,895
136,12/19/24 4:15 PM,12/19/24 4:15 PM,5/1/2024,12/19/2024,1,558
273,12/19/24 4:14 PM,12/19/24 4:14 PM,7/1/2024,12/19/2024,1,323
273,12/19/24 4:13 PM,12/19/24 4:13 PM,7/1/2024,12/19/2024,1,323
135,12/19/24 4:06 PM,12/19/24 4:06 PM,5/14/2024,12/19/2024,1,3597
269,12/19/24 4:03 PM,12/19/24 4:04 PM,10/1/2018,12/19/2024,1,901
212,12/19/24 3:58 PM,12/19/24 3:58 PM,7/1/2024,12/19/2024,1,37
135,12/19/24 3:55 PM,12/19/24 3:55 PM,11/25/2024,12/22/2024,1,9556
135,12/19/24 3:54 PM,12/19/24 3:54 PM,4/1/2024,12/19/2024,1,595
135,12/19/24 3:54 PM,12/19/24 3:54 PM,4/1/2024,12/19/2024,1,595
304,12/19/24 3:53 PM,12/19/24 3:53 PM,7/1/2024,12/31/2024,1,121
135,12/19/24 3:51 PM,12/19/24 3:51 PM,12/1/2024,12/31/2024,1,9556
304,12/19/24 3:49 PM,12/19/24 3:50 PM,9/1/2024,12/31/2024,1,121
304,12/19/24 3:47 PM,12/19/24 3:47 PM,7/1/2024,12/19/2024,1,901
304,12/19/24 3:47 PM,12/19/24 3:47 PM,7/1/2024,12/19/2024,1,901
269,12/19/24 3:45 PM,12/19/24 3:45 PM,12/19/2023,12/19/2024,1,901
135,12/19/24 3:44 PM,12/19/24 3:44 PM,7/1/2024,12/19/2024,1,857
135,12/19/24 3:42 PM,12/19/24 3:42 PM,12/1/2024,12/19/2024,1,1199
135,12/19/24 3:42 PM,12/19/24 3:42 PM,12/1/2024,12/19/2024,1,1199
302,12/19/24 3:42 PM,12/19/24 3:42 PM,9/1/2024,8/31/2025,1,121
135,12/19/24 3:41 PM,12/19/24 3:41 PM,12/1/2024,12/19/2024,1,1199
149,12/19/24 3:41 PM,12/19/24 3:41 PM,7/1/2024,12/19/2024,1,7821
135,12/19/24 3:41 PM,12/19/24 3:41 PM,12/1/2024,12/19/2024,1,1199
135,12/19/24 3:40 PM,12/19/24 3:40 PM,12/1/2024,12/19/2024,1,1199
135,12/19/24 3:40 PM,12/19/24 3:40 PM,12/1/2024,12/19/2024,1,1199
192,12/19/24 3:40 PM,12/19/24 3:40 PM,5/6/2023,5/3/2024,1,6284
135,12/19/24 3:40 PM,12/19/24 3:40 PM,12/1/2024,12/19/2024,1,1199
192,12/19/24 3:40 PM,12/19/24 3:40 PM,5/6/2023,5/3/2024,1,6284
269,12/19/24 3:40 PM,12/19/24 3:40 PM,10/1/2024,12/19/2024,1,901
135,12/19/24 3:39 PM,12/19/24 3:40 PM,12/1/2024,12/19/2024,1,1199
192,12/19/24 3:39 PM,12/19/24 3:39 PM,5/6/2023,5/3/2024,1,6284
135,12/19/24 3:39 PM,12/19/24 3:39 PM,12/1/2024,12/19/2024,1,1199
269,12/19/24 3:39 PM,12/19/24 3:39 PM,10/1/2024,12/19/2024,1,901
192,12/19/24 3:39 PM,12/19/24 3:39 PM,5/6/2023,5/3/2024,1,6284
192,12/19/24 3:38 PM,12/19/24 3:39 PM,5/6/2023,5/3/2024,1,6284
149,12/19/24 3:38 PM,12/19/24 3:38 PM,9/1/2024,12/19/2024,1,617
192,12/19/24 3:38 PM,12/19/24 3:38 PM,5/6/2023,5/3/2024,1,6284
192,12/19/24 3:38 PM,12/19/24 3:38 PM,5/6/2023,5/4/2024,1,6284
192,12/19/24 3:37 PM,12/19/24 3:37 PM,5/6/2023,5/3/2024,1,6284
135,12/19/24 3:37 PM,12/19/24 3:37 PM,4/1/2024,12/19/2024,1,595
192,12/19/24 3:37 PM,12/19/24 3:37 PM,5/6/2023,5/3/2024,1,6284
192,12/19/24 3:36 PM,12/19/24 3:37 PM,5/6/2023,5/6/2024,1,6284
192,12/19/24 3:36 PM,12/19/24 3:36 PM,5/6/2023,5/3/2024,1,6284
135,12/19/24 3:36 PM,12/19/24 3:36 PM,12/1/2024,12/19/2024,1,1199
135,12/19/24 3:36 PM,12/19/24 3:36 PM,5/14/2024,12/19/2024,1,3597
192,12/19/24 3:36 PM,12/19/24 3:36 PM,5/6/2023,5/3/2024,1,6284
192,12/19/24 3:35 PM,12/19/24 3:35 PM,5/6/2023,5/3/2024,1,6284
135,12/19/24 3:35 PM,12/19/24 3:35 PM,12/1/2024,12/19/2024,1,1199
192,12/19/24 3:35 PM,12/19/24 3:35 PM,5/6/2023,5/3/2024,1,6284
149,12/19/24 3:35 PM,12/19/24 3:35 PM,7/1/2024,12/19/2024,1,39
192,12/19/24 3:35 PM,12/19/24 3:35 PM,5/6/2023,5/3/2024,1,6284
192,12/19/24 3:34 PM,12/19/24 3:34 PM,5/6/2023,5/3/2024,1,6284
192,12/19/24 3:34 PM,12/19/24 3:34 PM,5/6/2023,5/3/2024,1,6284
212,12/19/24 3:34 PM,12/19/24 3:34 PM,7/1/2024,12/19/2024,1,39
135,12/19/24 3:32 PM,12/19/24 3:33 PM,12/1/2024,12/31/2024,1,9556
269,12/19/24 3:31 PM,12/19/24 3:31 PM,10/1/2024,12/19/2024,1,57
136,12/19/24 3:30 PM,12/19/24 3:30 PM,6/1/2023,12/19/2024,1,58
136,12/19/24 3:30 PM,12/19/24 3:30 PM,6/1/2023,12/19/2024,1,58
136,12/19/24 3:29 PM,12/19/24 3:29 PM,6/1/2023,12/19/2024,1,58
234,12/19/24 3:29 PM,12/19/24 7:00 PM,7/1/2024,12/19/2024,1,191
149,12/19/24 3:28 PM,12/19/24 3:28 PM,10/1/2024,12/19/2024,1,57
192,12/19/24 3:26 PM,12/19/24 3:26 PM,5/6/2023,5/3/2024,1,6284
135,12/19/24 3:22 PM,12/19/24 3:22 PM,12/1/2024,12/19/2024,1,9518
269,12/19/24 3:21 PM,12/19/24 3:22 PM,10/1/2024,12/19/2024,1,901
135,12/19/24 3:21 PM,12/19/24 3:21 PM,12/1/2024,12/19/2024,1,130
269,12/19/24 3:19 PM,12/19/24 3:20 PM,7/1/2024,12/19/2024,1,901
149,12/19/24 3:19 PM,12/19/24 3:19 PM,10/1/2024,12/19/2024,1,901
203,12/19/24 3:18 PM,12/19/24 3:18 PM,7/1/2024,12/19/2024,1,901
149,12/19/24 3:18 PM,12/19/24 3:18 PM,7/1/2024,12/19/2024,1,901
158,12/19/24 3:16 PM,12/19/24 3:16 PM,7/1/2024,12/19/2024,1,7821
149,12/19/24 3:15 PM,12/19/24 3:16 PM,7/1/2024,12/19/2024,1,7821
304,12/19/24 3:15 PM,12/19/24 3:15 PM,7/1/2024,12/19/2024,1,901
304,12/19/24 3:14 PM,12/19/24 3:15 PM,1/1/2024,12/27/2024,1,121
304,12/19/24 3:11 PM,12/19/24 3:11 PM,7/1/2024,12/19/2024,1,7821
213,12/19/24 3:09 PM,12/19/24 3:09 PM,7/1/2024,12/19/2024,1,901
135,12/19/24 3:09 PM,12/19/24 3:09 PM,7/1/2024,12/19/2024,1,792
136,12/19/24 3:07 PM,12/19/24 3:07 PM,12/1/2024,12/19/2024,1,614
160,12/19/24 3:06 PM,12/19/24 3:07 PM,10/1/2024,12/19/2024,1,309
135,12/19/24 3:06 PM,12/19/24 3:06 PM,7/1/2024,12/19/2024,1,304
160,12/19/24 3:03 PM,12/19/24 3:03 PM,7/1/2024,12/19/2024,1,309
135,12/19/24 3:01 PM,12/19/24 3:01 PM,7/1/2024,12/19/2024,1,409
188,12/19/24 3:00 PM,12/19/24 3:01 PM,7/1/2024,12/19/2024,1,244
189,12/19/24 2:59 PM,12/19/24 3:00 PM,7/1/2024,12/19/2024,1,244
155,12/19/24 2:56 PM,12/19/24 2:57 PM,7/1/2024,12/19/2024,1,160
304,12/19/24 2:56 PM,12/19/24 2:56 PM,1/1/2024,12/31/2024,1,121
190,12/19/24 2:56 PM,12/19/24 2:56 PM,7/1/2024,12/19/2024,1,244
304,12/19/24 2:56 PM,12/19/24 2:56 PM,7/1/2024,12/19/2024,1,121
304,12/19/24 2:55 PM,12/19/24 2:55 PM,7/1/2024,12/19/2024,1,901
149,12/19/24 2:55 PM,12/19/24 2:55 PM,7/1/2024,12/19/2024,1,309
190,12/19/24 2:55 PM,12/19/24 2:55 PM,7/1/2024,12/19/2024,1,792
189,12/19/24 2:54 PM,12/19/24 2:54 PM,12/10/2024,12/10/2024,1,9518
304,12/19/24 2:53 PM,12/19/24 2:54 PM,7/1/2024,12/19/2024,1,160
136,12/19/24 2:52 PM,12/19/24 2:55 PM,5/14/2024,12/10/2024,1,9518
135,12/19/24 2:51 PM,12/19/24 2:51 PM,12/1/2024,12/19/2024,1,9556
188,12/19/24 2:49 PM,12/19/24 2:49 PM,5/15/2024,12/19/2024,1,860
135,12/19/24 2:47 PM,12/19/24 2:47 PM,7/1/2024,12/19/2024,1,253
149,12/19/24 2:43 PM,12/19/24 2:43 PM,7/1/2024,12/19/2024,1,139
302,12/19/24 2:43 PM,12/19/24 2:44 PM,7/1/2024,6/30/2025,1,2395
189,12/19/24 2:43 PM,12/19/24 2:43 PM,8/1/2024,8/31/2024,1,11292
304,12/19/24 2:43 PM,12/19/24 2:43 PM,1/1/2024,12/31/2024,1,121
212,12/19/24 2:43 PM,12/19/24 2:43 PM,7/1/2024,12/19/2024,1,44
212,12/19/24 2:42 PM,12/19/24 2:42 PM,7/1/2024,12/19/2024,1,44
304,12/19/24 2:42 PM,12/19/24 2:42 PM,1/1/2024,12/31/2024,1,121
135,12/19/24 2:42 PM,12/19/24 2:42 PM,12/16/2024,12/20/2024,1,12066
189,12/19/24 2:40 PM,12/19/24 2:40 PM,7/1/2024,12/19/2024,1,44
304,12/19/24 2:39 PM,12/19/24 2:39 PM,7/1/2024,12/19/2024,1,44
135,12/19/24 2:38 PM,12/19/24 2:38 PM,7/1/2024,12/19/2024,1,304
212,12/19/24 2:37 PM,12/19/24 2:37 PM,7/1/2024,12/19/2024,1,260
189,12/19/24 2:37 PM,12/19/24 2:37 PM,7/1/2024,12/19/2024,1,768
135,12/19/24 2:36 PM,12/19/24 2:36 PM,7/1/2024,12/19/2024,1,44
135,12/19/24 2:36 PM,12/19/24 2:36 PM,7/1/2024,12/19/2024,1,304
189,12/19/24 2:36 PM,12/19/24 2:36 PM,7/1/2024,12/19/2024,1,768
135,12/19/24 2:36 PM,12/19/24 2:36 PM,12/1/2024,12/19/2024,1,202
135,12/19/24 2:36 PM,12/19/24 2:36 PM,7/1/2024,12/19/2024,1,103
135,12/19/24 2:35 PM,12/19/24 2:36 PM,7/1/2024,12/19/2024,1,94
149,12/19/24 2:34 PM,12/19/24 2:35 PM,7/1/2024,12/19/2024,1,325
213,12/19/24 2:34 PM,12/19/24 2:35 PM,7/1/2024,12/19/2024,1,532
135,12/19/24 2:34 PM,12/19/24 2:35 PM,7/1/2024,12/19/2024,1,112
135,12/19/24 2:34 PM,12/19/24 2:35 PM,7/1/2024,12/19/2024,1,103
135,12/19/24 2:34 PM,12/19/24 2:34 PM,7/1/2024,12/19/2024,1,301
135,12/19/24 2:34 PM,12/19/24 2:35 PM,7/1/2024,12/19/2024,1,185
135,12/19/24 2:34 PM,12/19/24 2:34 PM,7/1/2024,12/19/2024,1,88
135,12/19/24 2:34 PM,12/19/24 2:34 PM,7/1/2024,12/19/2024,1,103
135,12/19/24 2:34 PM,12/19/24 2:34 PM,7/1/2024,12/19/2024,1,334
188,12/19/24 2:34 PM,12/19/24 2:34 PM,7/1/2024,12/19/2024,1,104
304,12/19/24 2:33 PM,12/19/24 2:35 PM,7/1/2024,12/19/2024,1,1199
149,12/19/24 2:33 PM,12/19/24 2:34 PM,7/1/2024,12/19/2024,1,7821
135,12/19/24 2:33 PM,12/19/24 2:34 PM,7/1/2024,12/19/2024,1,103
135,12/19/24 2:33 PM,12/19/24 2:33 PM,12/2/2024,12/19/2024,1,325
188,12/19/24 2:33 PM,12/19/24 2:33 PM,7/1/2024,12/19/2024,1,104
190,12/19/24 2:33 PM,12/19/24 2:33 PM,7/1/2024,6/30/2025,1,31
135,12/19/24 2:33 PM,12/19/24 2:33 PM,7/1/2024,12/19/2024,1,211
135,12/19/24 2:33 PM,12/19/24 2:33 PM,7/1/2024,12/19/2024,1,249
135,12/19/24 2:33 PM,12/19/24 2:33 PM,7/1/2024,12/19/2024,1,185
212,12/19/24 2:33 PM,12/19/24 2:33 PM,7/1/2024,12/19/2024,1,77
135,12/19/24 2:33 PM,12/19/24 2:33 PM,7/1/2024,12/19/2024,1,334
135,12/19/24 2:33 PM,12/19/24 2:33 PM,7/1/2024,12/19/2024,1,93
302,12/19/24 2:33 PM,12/19/24 2:34 PM,7/1/2024,6/30/2025,1,1199
212,12/19/24 2:33 PM,12/19/24 2:33 PM,7/1/2024,12/19/2024,1,77
190,12/19/24 2:33 PM,12/19/24 2:33 PM,7/1/2024,12/19/2024,1,260
190,12/19/24 2:32 PM,12/19/24 2:33 PM,7/1/2024,12/19/2024,1,31
190,12/19/24 2:32 PM,12/19/24 2:33 PM,7/1/2023,12/19/2024,1,379
304,12/19/24 2:32 PM,12/19/24 2:33 PM,7/1/2024,12/19/2024,1,196
190,12/19/24 2:32 PM,12/19/24 2:32 PM,7/1/2024,6/30/2025,1,325
304,12/19/24 2:32 PM,12/19/24 2:32 PM,7/1/2024,12/19/2024,1,196
304,12/19/24 2:32 PM,12/19/24 2:32 PM,7/1/2024,12/19/2024,1,249
189,12/19/24 2:32 PM,12/19/24 2:32 PM,7/1/2024,12/19/2024,1,93
190,12/19/24 2:32 PM,12/19/24 2:32 PM,7/1/2024,12/19/2024,1,325
190,12/19/24 2:31 PM,12/19/24 2:32 PM,7/1/2024,12/19/2024,1,325
304,12/19/24 2:31 PM,12/19/24 2:32 PM,7/1/2024,12/19/2024,1,427
212,12/19/24 2:31 PM,12/19/24 2:32 PM,7/1/2024,12/19/2024,1,301
304,12/19/24 2:31 PM,12/19/24 2:32 PM,7/1/2024,12/19/2024,1,260
190,12/19/24 2:31 PM,12/19/24 2:31 PM,7/1/2024,12/19/2024,1,202
304,12/19/24 2:31 PM,12/19/24 2:32 PM,7/1/2024,12/19/2024,1,249
304,12/19/24 2:31 PM,12/19/24 2:31 PM,7/1/2024,12/19/2024,1,57
304,12/19/24 2:31 PM,12/19/24 2:31 PM,7/1/2024,12/19/2024,1,57
189,12/19/24 2:31 PM,12/19/24 2:31 PM,7/1/2024,12/19/2024,1,301
304,12/19/24 2:31 PM,12/19/24 2:31 PM,7/1/2024,12/19/2024,1,57
135,12/19/24 2:30 PM,12/19/24 2:31 PM,7/1/2024,12/19/2024,1,1144
189,12/19/24 2:30 PM,12/19/24 2:30 PM,7/1/2024,12/19/2024,1,301
304,12/19/24 2:30 PM,12/19/24 2:30 PM,7/1/2024,12/19/2024,1,334
304,12/19/24 2:30 PM,12/19/24 2:30 PM,7/1/2024,12/19/2024,1,503
135,12/19/24 2:30 PM,12/19/24 2:30 PM,7/1/2024,12/19/2024,1,411
192,12/19/24 2:30 PM,12/19/24 2:30 PM,7/1/2024,12/19/2024,1,391
304,12/19/24 2:30 PM,12/19/24 2:30 PM,7/1/2024,12/19/2024,1,85
302,12/19/24 2:30 PM,12/19/24 2:30 PM,7/1/2024,6/30/2025,1,185
135,12/19/24 2:30 PM,12/19/24 2:30 PM,7/1/2024,12/19/2024,1,1144
304,12/19/24 2:29 PM,12/19/24 2:30 PM,7/1/2024,12/19/2024,1,93
302,12/19/24 2:29 PM,12/19/24 2:30 PM,7/1/2024,12/31/2024,1,185
304,12/19/24 2:29 PM,12/19/24 2:29 PM,7/1/2024,12/19/2024,1,503
135,12/19/24 2:29 PM,12/19/24 2:29 PM,7/1/2024,12/19/2024,1,1144
273,12/19/24 2:29 PM,12/19/24 2:29 PM,7/1/2024,12/19/2024,1,434
304,12/19/24 2:29 PM,12/19/24 2:29 PM,7/1/2024,12/19/2024,1,202
273,12/19/24 2:28 PM,12/19/24 2:29 PM,7/1/2024,12/19/2024,1,98
135,12/19/24 2:28 PM,12/19/24 2:28 PM,8/1/2024,12/19/2024,1,2567
273,12/19/24 2:28 PM,12/19/24 2:29 PM,7/1/2024,12/19/2024,1,434
304,12/19/24 2:28 PM,12/19/24 2:28 PM,7/1/2024,12/19/2024,1,325
273,12/19/24 2:28 PM,12/19/24 2:28 PM,7/1/2024,12/19/2024,1,98
160,12/19/24 2:27 PM,12/19/24 2:27 PM,10/1/2024,12/19/2024,1,975
304,12/19/24 2:27 PM,12/19/24 2:27 PM,7/1/2024,12/19/2024,1,274
135,12/19/24 2:23 PM,12/19/24 2:23 PM,12/1/2024,12/19/2024,1,1199
135,12/19/24 2:23 PM,12/19/24 2:23 PM,7/1/2024,12/19/2024,1,1199
135,12/19/24 2:20 PM,12/19/24 2:20 PM,12/1/2024,12/19/2024,1,1199
135,12/19/24 2:14 PM,12/19/24 2:14 PM,7/1/2024,12/19/2024,1,792
304,12/19/24 2:13 PM,12/19/24 2:13 PM,7/1/2024,12/19/2024,1,139
135,12/19/24 2:13 PM,12/19/24 2:13 PM,12/1/2024,12/19/2024,1,1199
135,12/19/24 2:09 PM,12/19/24 2:09 PM,7/1/2024,12/19/2024,1,323
304,12/19/24 2:09 PM,12/19/24 2:10 PM,7/1/2024,12/19/2024,1,992
135,12/19/24 2:09 PM,12/19/24 2:09 PM,12/1/2024,12/19/2024,1,1199
304,12/19/24 2:06 PM,12/19/24 2:06 PM,7/1/2024,12/19/2024,1,67
160,12/19/24 2:05 PM,12/19/24 2:05 PM,10/1/2024,12/19/2024,1,975
136,12/19/24 2:04 PM,12/19/24 2:04 PM,5/15/2024,12/19/2024,1,445
304,12/19/24 2:03 PM,12/19/24 2:04 PM,7/1/2024,12/19/2024,1,169
304,12/19/24 2:01 PM,12/19/24 2:01 PM,7/1/2024,12/19/2024,1,67
304,12/19/24 2:00 PM,12/19/24 2:00 PM,7/1/2024,12/19/2024,1,67
136,12/19/24 1:58 PM,12/19/24 1:58 PM,11/27/2024,12/19/2024,1,58
149,12/19/24 1:58 PM,12/19/24 1:58 PM,7/1/2024,12/19/2024,1,334
160,12/19/24 1:57 PM,12/19/24 1:57 PM,10/1/2024,12/19/2024,1,975
304,12/19/24 1:56 PM,12/19/24 1:56 PM,7/1/2024,12/19/2024,1,172
136,12/19/24 1:55 PM,12/19/24 1:55 PM,6/1/2023,12/19/2024,1,58
136,12/19/24 1:55 PM,12/19/24 1:55 PM,6/1/2023,12/19/2024,1,58
149,12/19/24 1:55 PM,12/19/24 1:55 PM,10/1/2024,12/19/2024,1,975
304,12/19/24 1:54 PM,12/19/24 1:54 PM,7/1/2024,12/19/2024,1,67
136,12/19/24 1:53 PM,12/19/24 1:53 PM,11/27/2024,12/19/2024,1,58
190,12/19/24 1:51 PM,12/19/24 1:51 PM,8/1/2024,12/20/2024,1,658
135,12/19/24 1:50 PM,12/19/24 1:50 PM,8/1/2024,12/20/2024,1,658
302,12/19/24 1:50 PM,12/19/24 1:50 PM,10/1/2023,9/30/2024,1,145
304,12/19/24 1:48 PM,12/19/24 1:48 PM,7/1/2024,12/19/2024,1,202
304,12/19/24 1:48 PM,12/19/24 1:48 PM,7/1/2024,12/19/2024,1,51
192,12/19/24 1:46 PM,12/19/24 1:46 PM,7/1/2024,12/19/2024,1,202
135,12/19/24 1:46 PM,12/19/24 1:46 PM,5/4/2024,12/19/2024,1,6284
212,12/19/24 1:44 PM,12/19/24 1:44 PM,7/1/2024,12/19/2024,1,51
271,12/19/24 1:44 PM,12/19/24 1:44 PM,6/30/2023,6/29/2024,1,790
189,12/19/24 1:44 PM,12/19/24 1:44 PM,12/1/2024,12/23/2024,1,658
149,12/19/24 1:43 PM,12/19/24 1:43 PM,7/1/2024,12/19/2024,1,76
304,12/19/24 1:43 PM,12/19/24 1:43 PM,7/1/2024,12/19/2024,1,67
203,12/19/24 1:43 PM,12/19/24 1:43 PM,7/1/2024,12/19/2024,1,76
135,12/19/24 1:43 PM,12/19/24 1:43 PM,5/4/2024,12/19/2024,1,6284
212,12/19/24 1:42 PM,12/19/24 1:42 PM,7/1/2024,12/19/2024,1,76
203,12/19/24 1:41 PM,12/19/24 1:41 PM,7/1/2024,12/19/2024,1,64
190,12/19/24 1:41 PM,12/19/24 1:41 PM,7/1/2024,12/19/2024,1,76
136,12/19/24 1:40 PM,12/19/24 1:41 PM,5/16/2024,12/19/2024,1,390
190,12/19/24 1:40 PM,12/19/24 1:40 PM,7/1/2024,12/19/2024,1,76
304,12/19/24 1:40 PM,12/19/24 1:40 PM,7/1/2024,12/19/2024,1,67
190,12/19/24 1:39 PM,12/19/24 1:39 PM,7/1/2024,12/31/2024,1,173
304,12/19/24 1:39 PM,12/19/24 1:39 PM,7/1/2024,12/19/2024,1,202
160,12/19/24 1:39 PM,12/19/24 1:39 PM,10/1/2024,12/19/2024,1,975
190,12/19/24 1:39 PM,12/19/24 1:39 PM,7/1/2024,12/19/2024,1,792
212,12/19/24 1:38 PM,12/19/24 1:38 PM,7/1/2024,12/31/2024,1,173
135,12/19/24 1:38 PM,12/19/24 1:38 PM,5/15/2024,12/19/2024,1,2944
304,12/19/24 1:37 PM,12/19/24 1:37 PM,7/1/2024,12/19/2024,1,202
189,12/19/24 1:37 PM,12/19/24 1:37 PM,7/1/2024,12/19/2024,1,229
212,12/19/24 1:36 PM,12/19/24 1:36 PM,7/1/2024,12/31/2024,1,173
304,12/19/24 1:36 PM,12/19/24 1:36 PM,7/1/2024,12/31/2024,1,773
149,12/19/24 1:35 PM,12/19/24 1:35 PM,10/1/2024,12/19/2024,1,975
302,12/19/24 1:34 PM,12/19/24 1:34 PM,7/1/2024,6/30/2025,1,391
304,12/19/24 1:32 PM,12/19/24 1:32 PM,7/1/2024,12/19/2024,1,2350
135,12/19/24 1:32 PM,12/19/24 1:32 PM,7/1/2024,12/19/2024,1,9556
269,12/19/24 1:30 PM,12/19/24 1:30 PM,7/1/2024,12/19/2024,1,76
189,12/19/24 1:28 PM,12/19/24 1:28 PM,5/16/2023,12/19/2023,1,2105
189,12/19/24 1:27 PM,12/19/24 1:27 PM,5/16/2024,12/19/2024,1,2105
149,12/19/24 1:27 PM,12/19/24 1:27 PM,10/1/2024,12/19/2024,1,901
149,12/19/24 1:23 PM,12/19/24 1:23 PM,7/1/2024,12/19/2024,1,234
136,12/19/24 1:21 PM,12/19/24 1:21 PM,5/3/2024,12/19/2024,1,1365
269,12/19/24 1:20 PM,12/19/24 1:20 PM,10/1/2024,12/19/2024,1,57
135,12/19/24 1:19 PM,12/19/24 1:20 PM,12/2/2024,12/19/2024,1,1323
149,12/19/24 1:17 PM,12/19/24 1:17 PM,10/1/2024,12/19/2024,1,57
213,12/19/24 1:17 PM,12/19/24 1:17 PM,7/1/2024,12/19/2024,1,409
149,12/19/24 1:17 PM,12/19/24 1:17 PM,10/1/2024,12/19/2024,1,901
149,12/19/24 1:17 PM,12/19/24 1:17 PM,10/1/2024,12/19/2024,1,57
160,12/19/24 1:16 PM,12/19/24 1:17 PM,10/1/2024,12/19/2024,1,57
160,12/19/24 1:16 PM,12/19/24 1:16 PM,7/1/2024,12/19/2024,1,57
304,12/19/24 1:16 PM,12/19/24 1:16 PM,7/1/2024,12/19/2024,1,150
160,12/19/24 1:16 PM,12/19/24 1:16 PM,7/1/2024,12/19/2024,1,57
304,12/19/24 1:16 PM,12/19/24 1:16 PM,7/1/2024,12/19/2024,1,150
304,12/19/24 1:15 PM,12/19/24 1:15 PM,7/1/2024,12/19/2024,1,150
304,12/19/24 1:14 PM,12/19/24 1:15 PM,7/1/2024,12/19/2024,1,172
149,12/19/24 1:13 PM,12/19/24 1:13 PM,7/1/2024,12/19/2024,1,234
304,12/19/24 1:12 PM,12/19/24 1:12 PM,7/1/2024,11/30/2024,1,82
135,12/19/24 1:09 PM,12/19/24 1:09 PM,7/1/2024,12/19/2024,1,207
304,12/19/24 1:09 PM,12/19/24 1:09 PM,7/1/2024,12/19/2024,1,220
136,12/19/24 1:08 PM,12/19/24 1:08 PM,5/14/2024,12/19/2024,1,227
304,12/19/24 1:08 PM,12/19/24 1:08 PM,7/1/2024,12/19/2024,1,208
135,12/19/24 1:07 PM,12/19/24 1:07 PM,10/21/2024,12/19/2024,1,1323
304,12/19/24 1:05 PM,12/19/24 1:06 PM,10/1/2024,12/19/2024,1,281
135,12/19/24 1:05 PM,12/19/24 1:05 PM,7/1/2024,12/19/2024,1,166
149,12/19/24 1:04 PM,12/19/24 1:05 PM,10/1/2024,12/19/2024,1,901
304,12/19/24 1:01 PM,12/19/24 1:01 PM,10/1/2024,12/19/2024,1,281
212,12/19/24 1:01 PM,12/19/24 1:01 PM,7/1/2024,12/19/2024,1,166
304,12/19/24 1:00 PM,12/19/24 1:00 PM,7/1/2024,12/19/2024,1,172
213,12/19/24 1:00 PM,12/19/24 1:00 PM,7/1/2024,12/19/2024,1,166
304,12/19/24 12:59 PM,12/19/24 12:59 PM,10/1/2024,12/19/2024,1,281
189,12/19/24 12:57 PM,12/19/24 12:57 PM,7/1/2024,12/19/2024,1,166
304,12/19/24 12:57 PM,12/19/24 12:57 PM,11/1/2024,11/30/2024,1,94
304,12/19/24 12:57 PM,12/19/24 12:57 PM,10/1/2024,12/19/2024,1,281
304,12/19/24 12:49 PM,12/19/24 12:49 PM,10/1/2024,12/19/2024,1,281
136,12/19/24 12:49 PM,12/19/24 12:49 PM,8/1/2024,12/19/2024,1,2874
304,12/19/24 12:49 PM,12/19/24 12:49 PM,7/1/2024,12/19/2024,1,200
149,12/19/24 12:49 PM,12/19/24 12:49 PM,10/1/2024,12/19/2024,1,57
304,12/19/24 12:47 PM,12/19/24 12:47 PM,7/1/2024,12/19/2024,1,166
302,12/19/24 12:46 PM,12/19/24 12:47 PM,7/1/2024,6/30/2025,1,166
136,12/19/24 12:46 PM,12/19/24 12:46 PM,12/1/2024,12/19/2024,1,2874
189,12/19/24 12:45 PM,12/19/24 12:45 PM,7/1/2024,12/19/2024,1,57
135,12/19/24 12:43 PM,12/19/24 12:43 PM,7/1/2024,12/19/2024,1,9556
136,12/19/24 12:42 PM,12/19/24 12:42 PM,12/1/2024,12/19/2024,1,2874
135,12/19/24 12:42 PM,12/19/24 12:42 PM,7/1/2024,12/18/2024,1,9556
189,12/19/24 12:41 PM,12/19/24 12:41 PM,12/10/2024,12/10/2024,1,9518
136,12/19/24 12:41 PM,12/19/24 12:41 PM,8/1/2024,12/19/2024,1,2874
135,12/19/24 12:31 PM,12/19/24 12:31 PM,12/1/2024,12/19/2024,1,1199
269,12/19/24 12:24 PM,12/19/24 12:24 PM,7/1/2024,12/19/2024,1,334
135,12/19/24 12:21 PM,12/19/24 12:21 PM,12/16/2024,12/19/2024,1,12066
135,12/19/24 12:21 PM,12/19/24 12:21 PM,7/1/2024,12/19/2024,1,173
136,12/19/24 12:18 PM,12/19/24 12:18 PM,5/15/2024,12/19/2024,1,1416
160,12/19/24 12:17 PM,12/19/24 12:17 PM,7/1/2024,12/19/2024,1,427
136,12/19/24 12:16 PM,12/19/24 12:16 PM,5/15/2024,12/19/2024,1,1416
135,12/19/24 12:16 PM,12/19/24 12:16 PM,5/14/2024,12/19/2024,1,9518
304,12/19/24 12:15 PM,12/19/24 12:15 PM,7/1/2024,12/19/2024,1,901
231,12/19/24 12:14 PM,12/19/24 12:14 PM,12/1/2024,12/19/2024,1,487
189,12/19/24 12:13 PM,12/19/24 12:13 PM,12/9/2024,12/9/2024,1,9518
149,12/19/24 12:12 PM,12/19/24 12:12 PM,10/1/2024,12/19/2024,1,901
136,12/19/24 12:11 PM,12/19/24 12:13 PM,5/14/2024,12/9/2024,1,9518
189,12/19/24 12:11 PM,12/19/24 12:11 PM,7/1/2024,12/19/2024,1,67
149,12/19/24 12:09 PM,12/19/24 12:10 PM,7/1/2024,12/19/2024,1,325
188,12/19/24 12:05 PM,12/19/24 12:05 PM,12/2/2024,12/19/2024,1,1416
135,12/19/24 12:04 PM,12/19/24 12:04 PM,5/6/2024,12/19/2024,1,791
135,12/19/24 12:04 PM,12/19/24 12:04 PM,12/2/2024,12/19/2024,1,1416
135,12/19/24 12:03 PM,12/19/24 12:03 PM,5/15/2024,12/19/2024,1,1416
135,12/19/24 12:02 PM,12/19/24 12:02 PM,11/27/2024,12/19/2024,1,1416
212,12/19/24 12:01 PM,12/19/24 12:01 PM,12/1/2024,12/19/2024,1,609
212,12/19/24 12:01 PM,12/19/24 12:01 PM,12/1/2024,12/19/2024,1,609
135,12/19/24 12:00 PM,12/19/24 12:00 PM,12/16/2024,12/19/2024,1,12066
160,12/19/24 12:00 PM,12/19/24 12:00 PM,7/1/2024,12/19/2024,1,559
149,12/19/24 12:00 PM,12/19/24 12:00 PM,7/1/2024,12/19/2024,1,559
160,12/19/24 12:00 PM,12/19/24 12:00 PM,7/1/2024,12/19/2024,1,559
149,12/19/24 11:59 AM,12/19/24 12:00 PM,7/1/2024,12/19/2024,1,559
135,12/19/24 11:58 AM,12/19/24 11:58 AM,12/1/2024,12/19/2024,1,1199
135,12/19/24 11:58 AM,12/19/24 11:58 AM,5/11/2024,12/19/2024,1,3982
302,12/19/24 11:56 AM,12/19/24 11:57 AM,1/1/2024,12/31/2024,1,97
304,12/19/24 11:56 AM,12/19/24 11:56 AM,7/1/2024,12/19/2024,1,501
